county, subcounty, ward, dealers
Busia ,          ,     , "{'county': 'Busia', 'subcounty': '', 'ward': ""Ageng'a Nanguba"", 'agrodealerName': 'Nnnn', 'market': 'Bhhhu', 'gpsLatitude': '-1.5117552', 'gpsLongitude': '37.2668997', 'gpsAltitude': '1595.400024', 'agrodealerPhone': '723852356'}"
Busia ,          ,     , "{'county': 'Busia', 'subcounty': '', 'ward': 'Malaba North', 'agrodealerName': 'Teso', 'market': 'Gotura', 'gpsLatitude': '-1.5119642', 'gpsLongitude': '37.2669725', 'gpsAltitude': '1595.400024', 'agrodealerPhone': '781037978'}"
Busia ,          ,     , "{'county': 'Busia', 'subcounty': '', 'ward': ""Ang'orom"", 'agrodealerName': 'GOODWILL FAMERS AGROVET', 'market': ""ANG'OROM"", 'gpsLatitude': '0.493122', 'gpsLongitude': '34.1335989', 'gpsAltitude': '1170.2', 'agrodealerPhone': '708020152'}"
Busia ,          ,     , "{'county': 'Busia', 'subcounty': '', 'ward': 'Marachi North', 'agrodealerName': 'Mavuno bora', 'market': 'Butula', 'gpsLatitude': '', 'gpsLongitude': '', 'gpsAltitude': '', 'agrodealerPhone': '714373571'}"
Busia ,          ,     , "{'county': 'Busia', 'subcounty': '', 'ward': 'Chakol South', 'agrodealerName': 'Farm Choice Agrovet', 'market': 'Kemodo', 'gpsLatitude': '0.4731916', 'gpsLongitude': '34.1881309', 'gpsAltitude': '1275.9', 'agrodealerPhone': '790321288'}"
Busia ,          ,     , "{'county': 'Busia', 'subcounty': '', 'ward': 'Marachi North', 'agrodealerName': 'Nakhulo', 'market': 'Butula', 'gpsLatitude': '', 'gpsLongitude': '', 'gpsAltitude': '', 'agrodealerPhone': '716240797'}"
Busia ,          ,     , "{'county': 'Busia', 'subcounty': '', 'ward': 'Marachi North', 'agrodealerName': 'Hybrid ', 'market': 'Butula', 'gpsLatitude': '0.342618', 'gpsLongitude': '34.3414692', 'gpsAltitude': '1289.800049', 'agrodealerPhone': '710154357'}"
Busia ,          ,     , "{'county': 'Busia', 'subcounty': '', 'ward': 'Chakol South', 'agrodealerName': 'Kemodo Agrovet', 'market': 'Kemodo', 'gpsLatitude': '0.467253065', 'gpsLongitude': '34.18603331', 'gpsAltitude': '0', 'agrodealerPhone': '707494229'}"
Busia ,          ,     , "{'county': 'Busia', 'subcounty': '', 'ward': 'Marachi North', 'agrodealerName': 'Ebenezer agrovet', 'market': 'BUTULA ', 'gpsLatitude': '', 'gpsLongitude': '', 'gpsAltitude': '', 'agrodealerPhone': '729896432'}"
Busia ,          ,     , "{'county': 'Busia', 'subcounty': '', 'ward': 'Chakol South', 'agrodealerName': 'Kkk', 'market': 'Kkk', 'gpsLatitude': '12.62663919', 'gpsLongitude': '34.16813929', 'gpsAltitude': '0', 'agrodealerPhone': '718573584'}"
Busia ,          ,     , "{'county': 'Busia', 'subcounty': '', 'ward': ""Ang'orom"", 'agrodealerName': 'GEOIMA FARMERS SHOP', 'market': 'GEOFFREY MAFURA', 'gpsLatitude': '0.4948617', 'gpsLongitude': '34.1332433', 'gpsAltitude': '1163.5', 'agrodealerPhone': '725863813'}"
Busia ,          ,     , "{'county': 'Busia', 'subcounty': '', 'ward': ""Ang'orom"", 'agrodealerName': 'AGROPHOS AGROVET', 'market': 'PHILIP EGESA BWIRE', 'gpsLatitude': '0.4928717', 'gpsLongitude': '34.1334033', 'gpsAltitude': '1157.1', 'agrodealerPhone': '710740251'}"
Busia ,          ,     , "{'county': 'Busia', 'subcounty': '', 'ward': 'Chakol South', 'agrodealerName': 'CHAKOL FARMERS AGROVET', 'market': 'ADUNGOSI', 'gpsLatitude': '0.514408927', 'gpsLongitude': '34.14985836', 'gpsAltitude': '0', 'agrodealerPhone': '716821508'}"
Busia ,          ,     , "{'county': 'Busia', 'subcounty': '', 'ward': 'Chakol South', 'agrodealerName': 'AGROHERO', 'market': 'ADUNGOSI', 'gpsLatitude': '0.5148141', 'gpsLongitude': '34.1506254', 'gpsAltitude': '0', 'agrodealerPhone': '112348261'}"
Busia ,          ,     , "{'county': 'Busia', 'subcounty': '', 'ward': 'Chakol South', 'agrodealerName': 'SHILOH AGROVET ', 'market': 'BUTEBA', 'gpsLatitude': '0.536719273', 'gpsLongitude': '34.12750583', 'gpsAltitude': '0', 'agrodealerPhone': '741554100'}"
Busia ,          ,     , "{'county': 'Busia', 'subcounty': '', 'ward': 'Chakol South', 'agrodealerName': 'KELMWA INVESTMENT', 'market': 'ADUNGOSI', 'gpsLatitude': '0.517726685', 'gpsLongitude': '34.14427534', 'gpsAltitude': '0', 'agrodealerPhone': '724507193'}"
Busia ,          ,     , "{'county': 'Busia', 'subcounty': '', 'ward': 'Bunyala West', 'agrodealerName': 'Jecks Agrovet', 'market': 'Port Victoria', 'gpsLatitude': '', 'gpsLongitude': '', 'gpsAltitude': '', 'agrodealerPhone': '711557132'}"
Busia ,          ,     , "{'county': 'Busia', 'subcounty': '', 'ward': 'Bunyala West', 'agrodealerName': 'Panda livestock and crops', 'market': 'Port Victoria', 'gpsLatitude': '', 'gpsLongitude': '', 'gpsAltitude': '', 'agrodealerPhone': '114584637'}"
Busia ,          ,     , "{'county': 'Busia', 'subcounty': '', 'ward': 'Bunyala West', 'agrodealerName': 'Baraka Agrovet', 'market': 'Port Victoria', 'gpsLatitude': '', 'gpsLongitude': '', 'gpsAltitude': '', 'agrodealerPhone': '728660565'}"
Busia ,          ,     , "{'county': 'Busia', 'subcounty': '', 'ward': 'Marachi North', 'agrodealerName': 'Cotton', 'market': 'Kendakala', 'gpsLatitude': '', 'gpsLongitude': '', 'gpsAltitude': '', 'agrodealerPhone': ''}"
Busia ,          ,     , "{'county': 'Busia', 'subcounty': '', 'ward': 'Bukhayo East', 'agrodealerName': 'Farm Land Mungatsi', 'market': 'Mungatsi', 'gpsLatitude': '0.469204978', 'gpsLongitude': '34.31572918', 'gpsAltitude': '0', 'agrodealerPhone': '722294010'}"
Busia ,          ,     , "{'county': 'Busia', 'subcounty': '', 'ward': 'Malaba South', 'agrodealerName': '', 'market': '', 'gpsLatitude': '', 'gpsLongitude': '', 'gpsAltitude': '', 'agrodealerPhone': ''}"
Busia ,          ,     , "{'county': 'Busia', 'subcounty': '', 'ward': 'Bukhayo East', 'agrodealerName': 'Daktari', 'market': 'Mungatsi', 'gpsLatitude': '0.440534073', 'gpsLongitude': '34.28904053', 'gpsAltitude': '0', 'agrodealerPhone': '703703608'}"
Busia ,          ,     , "{'county': 'Busia', 'subcounty': '', 'ward': 'Bukhayo East', 'agrodealerName': 'Silton', 'market': 'Mungatsi', 'gpsLatitude': '0.469204978', 'gpsLongitude': '34.31600813', 'gpsAltitude': '0', 'agrodealerPhone': '797914623'}"
Busia ,          ,     , "{'county': 'Busia', 'subcounty': '', 'ward': 'Amukura West', 'agrodealerName': 'Alivantures agrovet', 'market': 'Machakusi', 'gpsLatitude': '0.6094191', 'gpsLongitude': '34.2395703', 'gpsAltitude': '1134.4', 'agrodealerPhone': ''}"
Busia ,          ,     , "{'county': 'Busia', 'subcounty': '', 'ward': ""Ang'orom"", 'agrodealerName': 'One Acre Fund', 'market': 'Busia', 'gpsLatitude': '0.4481586', 'gpsLongitude': '34.1396465', 'gpsAltitude': '1189.700073', 'agrodealerPhone': '759514388'}"
Busia ,          ,     , "{'county': 'Busia', 'subcounty': '', 'ward': 'Bukhayo East', 'agrodealerName': 'New Buyofu', 'market': 'Buyofu', 'gpsLatitude': '0.479095285', 'gpsLongitude': '34.3814604', 'gpsAltitude': '0', 'agrodealerPhone': '708919470'}"
Busia ,          ,     , "{'county': 'Busia', 'subcounty': '', 'ward': 'Bukhayo East', 'agrodealerName': 'Daktari agro', 'market': 'Buyofu', 'gpsLatitude': '', 'gpsLongitude': '', 'gpsAltitude': '', 'agrodealerPhone': '703703608'}"
Busia ,          ,     , "{'county': 'Busia', 'subcounty': '', 'ward': 'Namboboto Nambuku', 'agrodealerName': 'Royal Agrovet', 'market': 'Namboboto', 'gpsLatitude': '0.3007774', 'gpsLongitude': '34.0963292', 'gpsAltitude': '0', 'agrodealerPhone': '707448689'}"
Busia ,          ,     , "{'county': 'Busia', 'subcounty': '', 'ward': ""Ageng'a Nanguba"", 'agrodealerName': 'A', 'market': 'Budenge', 'gpsLatitude': '', 'gpsLongitude': '', 'gpsAltitude': '', 'agrodealerPhone': ''}"
Busia ,          ,     , "{'county': 'Busia', 'subcounty': '', 'ward': 'Matayos South', 'agrodealerName': 'One Acre Fund', 'market': 'Matayos ', 'gpsLatitude': '0.3640098', 'gpsLongitude': '34.167091', 'gpsAltitude': '1147.3', 'agrodealerPhone': '707816989'}"
Busia ,          ,     , "{'county': 'Busia', 'subcounty': '', 'ward': 'Chakol North', 'agrodealerName': 'Agroventures', 'market': 'Asinge', 'gpsLatitude': '', 'gpsLongitude': '', 'gpsAltitude': '', 'agrodealerPhone': ''}"
Busia ,          ,     , "{'county': 'Busia', 'subcounty': '', 'ward': 'Bukhayo East', 'agrodealerName': 'Crops\n', 'market': 'Madibo', 'gpsLatitude': '', 'gpsLongitude': '', 'gpsAltitude': '', 'agrodealerPhone': '700322657'}"
Busia ,          ,     , "{'county': 'Busia', 'subcounty': '', 'ward': ""Ageng'a Nanguba"", 'agrodealerName': 'Sio-port agrovet and aqua', 'market': 'Sio port', 'gpsLatitude': '0.2242582', 'gpsLongitude': '34.0215824', 'gpsAltitude': '1148.5', 'agrodealerPhone': '725214322'}"
Busia ,          ,     , "{'county': 'Busia', 'subcounty': '', 'ward': 'Nambale Township', 'agrodealerName': '', 'market': '', 'gpsLatitude': '', 'gpsLongitude': '', 'gpsAltitude': '', 'agrodealerPhone': ''}"
Busia ,          ,     , "{'county': 'Busia', 'subcounty': '', 'ward': ""Ageng'a Nanguba"", 'agrodealerName': 'KILIMO AGROVET', 'market': 'SIO PORT', 'gpsLatitude': '0.2237671', 'gpsLongitude': '34.0211263', 'gpsAltitude': '1194.9', 'agrodealerPhone': '7996076220'}"
Busia ,          ,     , "{'county': 'Busia', 'subcounty': '', 'ward': 'Burumba', 'agrodealerName': 'Agrarian Agro Supplies', 'market': 'Busia', 'gpsLatitude': '0.4556566', 'gpsLongitude': '34.1257609', 'gpsAltitude': '1203.099976', 'agrodealerPhone': '716729300'}"
Busia ,          ,     , "{'county': 'Busia', 'subcounty': '', 'ward': 'Chakol North', 'agrodealerName': 'Agroventures', 'market': 'Asinge', 'gpsLatitude': '', 'gpsLongitude': '', 'gpsAltitude': '', 'agrodealerPhone': ''}"
Busia ,          ,     , "{'county': 'Busia', 'subcounty': '', 'ward': 'Amukura Central', 'agrodealerName': 'Partric Agro imputs', 'market': 'Simbachai', 'gpsLatitude': '0.540443021', 'gpsLongitude': '34.26018599', 'gpsAltitude': '1298.5', 'agrodealerPhone': '741797709'}"
Busia ,          ,     , "{'county': 'Busia', 'subcounty': '', 'ward': 'Amukura Central', 'agrodealerName': 'Maize', 'market': 'Amukura Town Market', 'gpsLatitude': '0.5395803', 'gpsLongitude': '34.2603935', 'gpsAltitude': '0', 'agrodealerPhone': ''}"
Busia ,          ,     , "{'county': 'Busia', 'subcounty': '', 'ward': ""Ageng'a Nanguba"", 'agrodealerName': 'I', 'market': 'Bukiri', 'gpsLatitude': '', 'gpsLongitude': '', 'gpsAltitude': '', 'agrodealerPhone': ''}"
Busia ,          ,     , "{'county': 'Busia', 'subcounty': '', 'ward': 'Namboboto Nambuku', 'agrodealerName': 'Favor boutique/agrovet', 'market': 'Nambomboto market', 'gpsLatitude': '0.3061472', 'gpsLongitude': '34.0935459', 'gpsAltitude': '0', 'agrodealerPhone': '792399638'}"
Busia ,          ,     , "{'county': 'Busia', 'subcounty': '', 'ward': 'Bukhayo West', 'agrodealerName': 'Wakulima agrovet', 'market': 'Korinda', 'gpsLatitude': '0.4477459', 'gpsLongitude': '34.1446758', 'gpsAltitude': '0', 'agrodealerPhone': '792968839'}"
Busia ,          ,     , "{'county': 'Busia', 'subcounty': '', 'ward': ""Ageng'a Nanguba"", 'agrodealerName': 'Kk', 'market': 'Sigalame', 'gpsLatitude': '', 'gpsLongitude': '', 'gpsAltitude': '', 'agrodealerPhone': ''}"
Busia ,          ,     , "{'county': 'Busia', 'subcounty': '', 'ward': 'Bukhayo East', 'agrodealerName': 'Crops', 'market': 'Madibo', 'gpsLatitude': '', 'gpsLongitude': '', 'gpsAltitude': '', 'agrodealerPhone': ''}"
Busia ,          ,     , "{'county': 'Busia', 'subcounty': '', 'ward': 'Amukura Central', 'agrodealerName': 'F&M', 'market': 'Amukura market center', 'gpsLatitude': '', 'gpsLongitude': '', 'gpsAltitude': '', 'agrodealerPhone': '721607911'}"
Busia ,          ,     , "{'county': 'Busia', 'subcounty': '', 'ward': 'Amukura Central', 'agrodealerName': 'Teresia onyapidi agrovet', 'market': 'Amukura market center', 'gpsLatitude': '0.563298069', 'gpsLongitude': '34.27219961', 'gpsAltitude': '1321.3', 'agrodealerPhone': '713203543'}"
Busia ,          ,     , "{'county': 'Busia', 'subcounty': '', 'ward': 'Amukura Central', 'agrodealerName': 'Rameses agrovet', 'market': 'Amukura market center', 'gpsLatitude': '0.563298069', 'gpsLongitude': '34.27219961', 'gpsAltitude': '0', 'agrodealerPhone': '726782060'}"
Busia ,          ,     , "{'county': 'Busia', 'subcounty': '', 'ward': 'Chakol North', 'agrodealerName': 'Akites Agrovet', 'market': 'Akites', 'gpsLatitude': '', 'gpsLongitude': '', 'gpsAltitude': '', 'agrodealerPhone': '743516110'}"
Busia ,          ,     , "{'county': 'Busia', 'subcounty': '', 'ward': 'Chakol North', 'agrodealerName': 'Exodus farm inputs', 'market': 'Asinge', 'gpsLatitude': '', 'gpsLongitude': '', 'gpsAltitude': '', 'agrodealerPhone': '710829479'}"
Busia ,          ,     , "{'county': 'Busia', 'subcounty': '', 'ward': 'Burumba', 'agrodealerName': 'Multidose Agro Supplies Ltd', 'market': 'Busia', 'gpsLatitude': '0.4604002', 'gpsLongitude': '34.1142436', 'gpsAltitude': '1208.200073', 'agrodealerPhone': '720922041'}"
Busia ,          ,     , "{'county': 'Busia', 'subcounty': '', 'ward': 'Burumba', 'agrodealerName': 'Multidose Agro Supplies Ltd', 'market': 'Busia', 'gpsLatitude': '0.4601167', 'gpsLongitude': '34.1141333', 'gpsAltitude': '1208.200073', 'agrodealerPhone': '720922041'}"
Busia ,          ,     , "{'county': 'Busia', 'subcounty': '', 'ward': 'Chakol North', 'agrodealerName': '', 'market': 'Akites', 'gpsLatitude': '', 'gpsLongitude': '', 'gpsAltitude': '', 'agrodealerPhone': ''}"
Busia ,          ,     , "{'county': 'Busia', 'subcounty': '', 'ward': ""Ageng'a Nanguba"", 'agrodealerName': 'M', 'market': 'Gh', 'gpsLatitude': '0.2048583', 'gpsLongitude': '34.06798', 'gpsAltitude': '1238.2', 'agrodealerPhone': ''}"
Busia ,          ,     , "{'county': 'Busia', 'subcounty': '', 'ward': ""Ageng'a Nanguba"", 'agrodealerName': 'O', 'market': 'Bukiri', 'gpsLatitude': '', 'gpsLongitude': '', 'gpsAltitude': '', 'agrodealerPhone': ''}"
Busia ,          ,     , "{'county': 'Busia', 'subcounty': '', 'ward': ""Ageng'a Nanguba"", 'agrodealerName': 'Jgff', 'market': 'Hhh', 'gpsLatitude': '', 'gpsLongitude': '', 'gpsAltitude': '', 'agrodealerPhone': ''}"
Busia ,          ,     , "{'county': 'Busia', 'subcounty': '', 'ward': 'Malaba South', 'agrodealerName': 'Evechem agrovet', 'market': 'Kocholya market', 'gpsLatitude': '', 'gpsLongitude': '', 'gpsAltitude': '', 'agrodealerPhone': '712213470'}"
Busia ,          ,     , "{'county': 'Busia', 'subcounty': '', 'ward': 'Nangina', 'agrodealerName': 'Golda Sibocha', 'market': 'Funyula', 'gpsLatitude': '', 'gpsLongitude': '', 'gpsAltitude': '', 'agrodealerPhone': ''}"
Busia ,          ,     , "{'county': 'Busia', 'subcounty': '', 'ward': ""Ang'urai North"", 'agrodealerName': 'Moding Agrovet', 'market': 'Moding', 'gpsLatitude': '', 'gpsLongitude': '', 'gpsAltitude': '', 'agrodealerPhone': '768608253'}"
Busia ,          ,     , "{'county': 'Busia', 'subcounty': '', 'ward': ""Ang'orom"", 'agrodealerName': 'Mkulima Shop', 'market': 'Busia Malaba road', 'gpsLatitude': '0.4497641', 'gpsLongitude': '34.1397286', 'gpsAltitude': '1196.900024', 'agrodealerPhone': '727749330'}"
Busia ,          ,     , "{'county': 'Busia', 'subcounty': '', 'ward': 'Nangina', 'agrodealerName': 'Funyula Agrovet', 'market': 'Funyula market ', 'gpsLatitude': '0.279385', 'gpsLongitude': '34.1205432', 'gpsAltitude': '1041.1', 'agrodealerPhone': '724815933'}"
Busia ,          ,     , "{'county': 'Busia', 'subcounty': '', 'ward': 'Nangina', 'agrodealerName': 'Mavuno Farm Care', 'market': 'Funyula Market Center', 'gpsLatitude': '0.2788384', 'gpsLongitude': '34.1196822', 'gpsAltitude': '1241.099976', 'agrodealerPhone': '718370258'}"
Busia ,          ,     , "{'county': 'Busia', 'subcounty': '', 'ward': 'Nangina', 'agrodealerName': 'H', 'market': 'H', 'gpsLatitude': '', 'gpsLongitude': '', 'gpsAltitude': '', 'agrodealerPhone': ''}"
Busia ,          ,     , "{'county': 'Busia', 'subcounty': '', 'ward': 'Matayos South', 'agrodealerName': 'Matayos Agrovet', 'market': 'Matayos', 'gpsLatitude': '0.366065', 'gpsLongitude': '34.1650117', 'gpsAltitude': '1184.800049', 'agrodealerPhone': '705094886'}"
Busia ,          ,     , "{'county': 'Busia', 'subcounty': '', 'ward': 'Nangina', 'agrodealerName': 'Samia Agrovet', 'market': 'Funyula market', 'gpsLatitude': '0.2786592', 'gpsLongitude': '34.119042', 'gpsAltitude': '1255', 'agrodealerPhone': '725214322'}"
Busia ,          ,     , "{'county': 'Busia', 'subcounty': '', 'ward': 'Matayos South', 'agrodealerName': 'Happiness Agro-shop', 'market': 'Matayos', 'gpsLatitude': '0.3661224', 'gpsLongitude': '34.1649181', 'gpsAltitude': '1184.800049', 'agrodealerPhone': '723172684'}"
Busia ,          ,     , "{'county': 'Busia', 'subcounty': '', 'ward': ""Ang'orom"", 'agrodealerName': 'Amerikwai Agrovet', 'market': 'Busia Malaba road', 'gpsLatitude': '0.4479979', 'gpsLongitude': '34.1432849', 'gpsAltitude': '1196.4', 'agrodealerPhone': '791012626'}"
Busia ,          ,     , "{'county': 'Busia', 'subcounty': '', 'ward': 'Matayos South', 'agrodealerName': 'Dojaa Supplies Agrovet', 'market': 'Matayos', 'gpsLatitude': '0.364739', 'gpsLongitude': '34.165302', 'gpsAltitude': '1189', 'agrodealerPhone': '722873980'}"
Busia ,          ,     , "{'county': 'Busia', 'subcounty': '', 'ward': 'Matayos South', 'agrodealerName': 'Duka la mkulima Matayos ', 'market': 'Matayos ', 'gpsLatitude': '0.365445818', 'gpsLongitude': '34.16566662', 'gpsAltitude': '0', 'agrodealerPhone': '726652116'}"
Busia ,          ,     , "{'county': 'Busia', 'subcounty': '', 'ward': 'Matayos South', 'agrodealerName': 'Matayos Modern Farm Inputs', 'market': 'Matayos', 'gpsLatitude': '0.364086', 'gpsLongitude': '34.1659825', 'gpsAltitude': '1228.1', 'agrodealerPhone': '720331254'}"
Busia ,          ,     , "{'county': 'Busia', 'subcounty': '', 'ward': 'Marachi West', 'agrodealerName': 'Crown Agrovet', 'market': 'Bumala Market', 'gpsLatitude': '0.3028618', 'gpsLongitude': '34.1943867', 'gpsAltitude': '0', 'agrodealerPhone': ''}"
Busia ,          ,     , "{'county': 'Busia', 'subcounty': '', 'ward': 'Busibwabo', 'agrodealerName': 'Blessed Agrovet', 'market': 'Nasira market', 'gpsLatitude': '0.414200878', 'gpsLongitude': '34.21090409', 'gpsAltitude': '0', 'agrodealerPhone': '706196215'}"
Busia ,          ,     , "{'county': 'Busia', 'subcounty': '', 'ward': 'Marachi Central', 'agrodealerName': 'Truelis kilimo agrovet', 'market': 'SHIBALE', 'gpsLatitude': '0.3761853', 'gpsLongitude': '34.263988', 'gpsAltitude': '1241.8', 'agrodealerPhone': '716097066'}"
Busia ,          ,     , "{'county': 'Busia', 'subcounty': '', 'ward': 'Marachi West', 'agrodealerName': 'Onat Farm Store', 'market': 'Bumala Market', 'gpsLatitude': '0.3025761', 'gpsLongitude': '34.206202', 'gpsAltitude': '0', 'agrodealerPhone': '702137261'}"
Busia ,          ,     , "{'county': 'Busia', 'subcounty': '', 'ward': 'Marachi Central', 'agrodealerName': 'MAGHARIBI HARDWARE AND FARM SUPPLIES', 'market': 'MURUMBA', 'gpsLatitude': '0.3358077', 'gpsLongitude': '34.2581297', 'gpsAltitude': '1301.5', 'agrodealerPhone': '712638182'}"
Busia ,          ,     , "{'county': 'Busia', 'subcounty': '', 'ward': ""Ageng'a Nanguba"", 'agrodealerName': 'BUKIRI AGROVET &AQUA SHOP', 'market': 'BUKIRI MARKET', 'gpsLatitude': '0.227698', 'gpsLongitude': '34.0877951', 'gpsAltitude': '1233.4', 'agrodealerPhone': '728426323'}"
Busia ,          ,     , "{'county': 'Busia', 'subcounty': '', 'ward': 'Marachi West', 'agrodealerName': 'Wakulima Agrovet', 'market': 'Bumala Market', 'gpsLatitude': '0.3025761', 'gpsLongitude': '34.206202', 'gpsAltitude': '0', 'agrodealerPhone': '723701071'}"
Busia ,          ,     , "{'county': 'Busia', 'subcounty': '', 'ward': 'Chakol North', 'agrodealerName': 'Ochi', 'market': ""Asing'e"", 'gpsLatitude': '', 'gpsLongitude': '', 'gpsAltitude': '', 'agrodealerPhone': ''}"
Busia ,          ,     , "{'county': 'Busia', 'subcounty': '', 'ward': 'Chakol North', 'agrodealerName': '', 'market': 'Akites', 'gpsLatitude': '', 'gpsLongitude': '', 'gpsAltitude': '', 'agrodealerPhone': ''}"
Busia ,          ,     , "{'county': 'Busia', 'subcounty': '', 'ward': 'Bukhayo East', 'agrodealerName': 'Crops', 'market': 'Madibo', 'gpsLatitude': '', 'gpsLongitude': '', 'gpsAltitude': '', 'agrodealerPhone': '719637403'}"
Busia ,          ,     , "{'county': 'Busia', 'subcounty': '', 'ward': 'Marachi Central', 'agrodealerName': 'NAIROBI AGROVET', 'market': 'MURUMBA', 'gpsLatitude': '0.3342229', 'gpsLongitude': '34.2586416', 'gpsAltitude': '1267.5', 'agrodealerPhone': '702808866'}"
Busia ,          ,     , "{'county': 'Busia', 'subcounty': '', 'ward': 'Marachi Central', 'agrodealerName': 'FAIRDEAL AGROVET', 'market': 'MURUMBA', 'gpsLatitude': '0.3347022', 'gpsLongitude': '34.2591832', 'gpsAltitude': '1308.7', 'agrodealerPhone': '786252446'}"
Busia ,          ,     , "{'county': 'Busia', 'subcounty': '', 'ward': ""Ageng'a Nanguba"", 'agrodealerName': 'bukiri', 'market': 'Bukiri', 'gpsLatitude': '', 'gpsLongitude': '', 'gpsAltitude': '', 'agrodealerPhone': ''}"
Busia ,          ,     , "{'county': 'Busia', 'subcounty': '', 'ward': 'Marachi Central', 'agrodealerName': 'TUMAINI AGROVET', 'market': 'BUKHALALIRE', 'gpsLatitude': '0.3347329', 'gpsLongitude': '34.258045', 'gpsAltitude': '1275.400024', 'agrodealerPhone': '717313671'}"
Busia ,          ,     , "{'county': 'Busia', 'subcounty': '', 'ward': 'Marachi West', 'agrodealerName': 'Wibiliv', 'market': 'Bumala', 'gpsLatitude': '0.3045746', 'gpsLongitude': '34.2034379', 'gpsAltitude': '1277.400024', 'agrodealerPhone': '724035888'}"
Busia ,          ,     , "{'county': 'Busia', 'subcounty': '', 'ward': 'Nambale Township', 'agrodealerName': 'Tangakona Agrovet', 'market': 'Tangakona Market', 'gpsLatitude': '0.483698464', 'gpsLongitude': '34.21968196', 'gpsAltitude': '0', 'agrodealerPhone': '792564135'}"
Busia ,          ,     , "{'county': 'Busia', 'subcounty': '', 'ward': 'Marachi Central', 'agrodealerName': ""FARMER'S CHOICE"", 'market': 'BUKHALALIRE', 'gpsLatitude': '0.3343083', 'gpsLongitude': '34.256235', 'gpsAltitude': '1275.5', 'agrodealerPhone': '725576276'}"
Busia ,          ,     , "{'county': 'Busia', 'subcounty': '', 'ward': 'Nambale Township', 'agrodealerName': 'Amani Agrovet', 'market': 'Tangakona Market', 'gpsLatitude': '0.483104711', 'gpsLongitude': '34.21977416', 'gpsAltitude': '0', 'agrodealerPhone': '783562984'}"
Busia ,          ,     , "{'county': 'Busia', 'subcounty': '', 'ward': 'Marachi Central', 'agrodealerName': 'FARM INPUTS', 'market': 'BUKHALALIRE', 'gpsLatitude': '0.3183762', 'gpsLongitude': '34.2792613', 'gpsAltitude': '1290.3', 'agrodealerPhone': '700384169'}"
Busia ,          ,     , "{'county': 'Busia', 'subcounty': '', 'ward': 'Matayos South', 'agrodealerName': 'Matayos Farmers Service Center ', 'market': 'Matayos ', 'gpsLatitude': '0.3512455', 'gpsLongitude': '34.1797011', 'gpsAltitude': '1234.8', 'agrodealerPhone': '720876425'}"
Busia ,          ,     , "{'county': 'Busia', 'subcounty': '', 'ward': 'Amukura East', 'agrodealerName': 'Amukura hardware', 'market': 'Amukura', 'gpsLatitude': '0.55779', 'gpsLongitude': '34.2680817', 'gpsAltitude': '1309.3', 'agrodealerPhone': '724205299'}"
Busia ,          ,     , "{'county': 'Busia', 'subcounty': '', 'ward': 'Amukura East', 'agrodealerName': 'One acre fund', 'market': 'Amukura', 'gpsLatitude': '0.556428', 'gpsLongitude': '34.2662925', 'gpsAltitude': '1288.4', 'agrodealerPhone': '792368573'}"
Busia ,          ,     , "{'county': 'Busia', 'subcounty': '', 'ward': 'Nangina', 'agrodealerName': 'Jkkko', 'market': 'J!nj', 'gpsLatitude': '', 'gpsLongitude': '', 'gpsAltitude': '', 'agrodealerPhone': ''}"
Busia ,          ,     , "{'county': 'Busia', 'subcounty': '', 'ward': 'Nangina', 'agrodealerName': 'Gumb', 'market': 'Fj!n', 'gpsLatitude': '', 'gpsLongitude': '', 'gpsAltitude': '', 'agrodealerPhone': ''}"
Busia ,          ,     , "{'county': 'Busia', 'subcounty': '', 'ward': 'Malaba North', 'agrodealerName': '', 'market': '', 'gpsLatitude': '', 'gpsLongitude': '', 'gpsAltitude': '', 'agrodealerPhone': ''}"
Busia ,          ,     , "{'county': 'Busia', 'subcounty': '', 'ward': ""Ageng'a Nanguba"", 'agrodealerName': 'Random', 'market': 'Sigalame', 'gpsLatitude': '', 'gpsLongitude': '', 'gpsAltitude': '', 'agrodealerPhone': ''}"
Busia ,          ,     , "{'county': 'Busia', 'subcounty': '', 'ward': ""Ang'urai North"", 'agrodealerName': 'Moding agrodealers', 'market': 'Moding', 'gpsLatitude': '0.7537517', 'gpsLongitude': '34.3559917', 'gpsAltitude': '1362', 'agrodealerPhone': '707894189'}"
Busia ,          ,     , "{'county': 'Busia', 'subcounty': '', 'ward': 'Bukhayo North / Walatsi', 'agrodealerName': '', 'market': 'Kapina', 'gpsLatitude': '0.592566521', 'gpsLongitude': '34.33520637', 'gpsAltitude': '1214.6', 'agrodealerPhone': ''}"
Busia ,          ,     , "{'county': 'Busia', 'subcounty': '', 'ward': ""Ageng'a Nanguba"", 'agrodealerName': 'Yuhb', 'market': 'SIGALAME', 'gpsLatitude': '0.2462987', 'gpsLongitude': '34.0297993', 'gpsAltitude': '1177.1', 'agrodealerPhone': ''}"
Busia ,          ,     , "{'county': 'Busia', 'subcounty': '', 'ward': 'Malaba South', 'agrodealerName': '', 'market': 'Katanyu', 'gpsLatitude': '', 'gpsLongitude': '', 'gpsAltitude': '', 'agrodealerPhone': ''}"
Busia ,          ,     , "{'county': 'Busia', 'subcounty': '', 'ward': 'Malaba North', 'agrodealerName': '', 'market': '', 'gpsLatitude': '', 'gpsLongitude': '', 'gpsAltitude': '', 'agrodealerPhone': ''}"
Busia ,          ,     , "{'county': 'Busia', 'subcounty': '', 'ward': 'Malaba North', 'agrodealerName': '', 'market': '', 'gpsLatitude': '', 'gpsLongitude': '', 'gpsAltitude': '', 'agrodealerPhone': ''}"
Busia ,          ,     , "{'county': 'Busia', 'subcounty': '', 'ward': 'Malaba North', 'agrodealerName': '', 'market': '', 'gpsLatitude': '', 'gpsLongitude': '', 'gpsAltitude': '', 'agrodealerPhone': ''}"
Busia ,          ,     , "{'county': 'Busia', 'subcounty': '', 'ward': 'Bukhayo East', 'agrodealerName': 'Crops', 'market': 'Madibo', 'gpsLatitude': '0.52274', 'gpsLongitude': '34.3893117', 'gpsAltitude': '1239.2', 'agrodealerPhone': '700322657'}"
Busia ,          ,     , "{'county': 'Busia', 'subcounty': '', 'ward': 'Bwiri', 'agrodealerName': 'Smart choice', 'market': 'Busijo market', 'gpsLatitude': '0.207394654', 'gpsLongitude': '34.02010046', 'gpsAltitude': '1220.4', 'agrodealerPhone': ''}"
Busia ,          ,     , "{'county': 'Busia', 'subcounty': '', 'ward': 'Marachi East', 'agrodealerName': 'Aimad Enterprises', 'market': 'Ogalo market', 'gpsLatitude': '0.3609681', 'gpsLongitude': '34.399798', 'gpsAltitude': '1311.4', 'agrodealerPhone': '746803348'}"
Busia ,          ,     , "{'county': 'Busia', 'subcounty': '', 'ward': 'Kingandole', 'agrodealerName': 'Nairobi agrovet', 'market': 'Murumba', 'gpsLatitude': '0.336108031', 'gpsLongitude': '34.26098865', 'gpsAltitude': '0', 'agrodealerPhone': '728324530'}"
Busia ,          ,     , "{'county': 'Busia', 'subcounty': '', 'ward': 'Kingandole', 'agrodealerName': 'Mwalimu agrovet', 'market': 'Ikonzo', 'gpsLatitude': '0.35111472', 'gpsLongitude': '34.2211394', 'gpsAltitude': '0', 'agrodealerPhone': '712558299'}"
Busia ,          ,     , "{'county': 'Busia', 'subcounty': '', 'ward': 'Malaba North', 'agrodealerName': '', 'market': '', 'gpsLatitude': '', 'gpsLongitude': '', 'gpsAltitude': '', 'agrodealerPhone': ''}"
Busia ,          ,     , "{'county': 'Busia', 'subcounty': '', 'ward': 'Kingandole', 'agrodealerName': 'Julies hardware', 'market': 'Murumba', 'gpsLatitude': '0.335653404', 'gpsLongitude': '34.26284272', 'gpsAltitude': '0', 'agrodealerPhone': '719250255'}"
Busia ,          ,     , "{'county': 'Busia', 'subcounty': '', 'ward': 'Malaba North', 'agrodealerName': 'No', 'market': '', 'gpsLatitude': '', 'gpsLongitude': '', 'gpsAltitude': '', 'agrodealerPhone': ''}"
Busia ,          ,     , "{'county': 'Busia', 'subcounty': '', 'ward': 'Kingandole', 'agrodealerName': 'AMAGRACE', 'market': 'MURUMBA', 'gpsLatitude': '0.3342698', 'gpsLongitude': '34.2551842', 'gpsAltitude': '1263.6', 'agrodealerPhone': '723468532'}"
Busia ,          ,     , "{'county': 'Busia', 'subcounty': '', 'ward': 'Kingandole', 'agrodealerName': 'MURUMBA AGROVET', 'market': 'MURUMBA', 'gpsLatitude': '0.334646', 'gpsLongitude': '34.2585147', 'gpsAltitude': '1258', 'agrodealerPhone': '710180791'}"
Busia ,          ,     , "{'county': 'Busia', 'subcounty': '', 'ward': 'Kingandole', 'agrodealerName': 'FAIR DEAL AGROVET', 'market': 'MURUMBA', 'gpsLatitude': '0.3342698', 'gpsLongitude': '34.2551842', 'gpsAltitude': '1277.5', 'agrodealerPhone': '733525284'}"
Busia ,          ,     , "{'county': 'Busia', 'subcounty': '', 'ward': ""Ageng'a Nanguba"", 'agrodealerName': 'NEEMA', 'market': 'MURAMBA', 'gpsLatitude': '0.2701811', 'gpsLongitude': '34.0568429', 'gpsAltitude': '1189.3', 'agrodealerPhone': ''}"
Busia ,          ,     , "{'county': 'Busia', 'subcounty': '', 'ward': 'Amukura West', 'agrodealerName': 'Lukolis agrovet', 'market': 'Lukolis market', 'gpsLatitude': '0.5802195', 'gpsLongitude': '34.2046259', 'gpsAltitude': '1172.8', 'agrodealerPhone': '792422817'}"
Busia ,          ,     , "{'county': 'Busia', 'subcounty': '', 'ward': ""Ageng'a Nanguba"", 'agrodealerName': 'I', 'market': 'Bukiri', 'gpsLatitude': '', 'gpsLongitude': '', 'gpsAltitude': '', 'agrodealerPhone': ''}"
Busia ,          ,     , "{'county': 'Busia', 'subcounty': '', 'ward': 'Bunyala North', 'agrodealerName': 'Prime farmers grovet', 'market': 'Ruambwa', 'gpsLatitude': '0.1280513', 'gpsLongitude': '34.0927042', 'gpsAltitude': '1091.4', 'agrodealerPhone': '791436006'}"
Busia ,          ,     , "{'county': 'Busia', 'subcounty': '', 'ward': 'Matayos South', 'agrodealerName': 'Naburi Cereal ', 'market': 'Nyayo Road', 'gpsLatitude': '0.3503017', 'gpsLongitude': '34.1804883', 'gpsAltitude': '1224', 'agrodealerPhone': '720693713'}"
Busia ,          ,     , "{'county': 'Busia', 'subcounty': '', 'ward': 'Bukhayo West', 'agrodealerName': 'Lwero A Agrovet', 'market': 'Lwero center', 'gpsLatitude': '0.4606349', 'gpsLongitude': '34.1699016', 'gpsAltitude': '1189.400024', 'agrodealerPhone': '762542876'}"
Busia ,          ,     , "{'county': 'Busia', 'subcounty': '', 'ward': 'Bunyala Central', 'agrodealerName': 'BUSAGWA MKULIMA INPUT', 'market': 'BUSAGWA', 'gpsLatitude': '0.1063644', 'gpsLongitude': '34.0579243', 'gpsAltitude': '1175.1', 'agrodealerPhone': '722561965'}"
Busia ,          ,     , "{'county': 'Busia', 'subcounty': '', 'ward': 'Elugulu', 'agrodealerName': 'MARACHI HARDWARE OLOO', 'market': 'OLOO MARKET', 'gpsLatitude': '0.327698', 'gpsLongitude': '34.3071701', 'gpsAltitude': '1212.1', 'agrodealerPhone': '713134979'}"
Busia ,          ,     , "{'county': 'Busia', 'subcounty': '', 'ward': 'Elugulu', 'agrodealerName': 'WAKULIMA AGROVET', 'market': 'BULEMIA MARKET', 'gpsLatitude': '0.3289429', 'gpsLongitude': '34.3128812', 'gpsAltitude': '1280.2', 'agrodealerPhone': '704674569'}"
Busia ,          ,     , "{'county': 'Busia', 'subcounty': '', 'ward': 'Nambale Township', 'agrodealerName': 'K Agrovet', 'market': 'Kisoko', 'gpsLatitude': '0.4542369', 'gpsLongitude': '34.2856087', 'gpsAltitude': '1227.3', 'agrodealerPhone': '715643014'}"
Busia ,          ,     , "{'county': 'Busia', 'subcounty': '', 'ward': 'Nambale Township', 'agrodealerName': 'Kisoko Agrovet', 'market': 'Kisoko market', 'gpsLatitude': '0.4553584', 'gpsLongitude': '34.2870892', 'gpsAltitude': '1287.1', 'agrodealerPhone': ''}"
Busia ,          ,     , "{'county': 'Busia', 'subcounty': '', 'ward': 'Busibwabo', 'agrodealerName': 'Jabari Agrovet', 'market': 'Busibwabo market', 'gpsLatitude': '0.410948784', 'gpsLongitude': '34.20100205', 'gpsAltitude': '0', 'agrodealerPhone': '726478709'}"
Busia ,          ,     , "{'county': 'Busia', 'subcounty': '', 'ward': ""Ageng'a Nanguba"", 'agrodealerName': 'Kkk', 'market': 'BUKIRI', 'gpsLatitude': '', 'gpsLongitude': '', 'gpsAltitude': '', 'agrodealerPhone': ''}"
Busia ,          ,     , "{'county': 'Busia', 'subcounty': '', 'ward': ""Ageng'a Nanguba"", 'agrodealerName': '', 'market': '', 'gpsLatitude': '', 'gpsLongitude': '', 'gpsAltitude': '', 'agrodealerPhone': ''}"
Busia ,          ,     , "{'county': 'Busia', 'subcounty': '', 'ward': 'Bukhayo West', 'agrodealerName': 'Joy hardware', 'market': 'Mundika market', 'gpsLatitude': '0.4152243', 'gpsLongitude': '34.1477974', 'gpsAltitude': '1203.9', 'agrodealerPhone': '791355749'}"
Busia ,          ,     , "{'county': 'Busia', 'subcounty': '', 'ward': 'Bukhayo West', 'agrodealerName': 'Mama angel general shop', 'market': 'Mundika market', 'gpsLatitude': '0.4143214', 'gpsLongitude': '34.1476672', 'gpsAltitude': '1261.5', 'agrodealerPhone': '711207219'}"
Busia ,          ,     , "{'county': 'Busia', 'subcounty': '', 'ward': 'Bukhayo West', 'agrodealerName': 'Chimo hardware', 'market': 'Mundika market', 'gpsLatitude': '0.4155351', 'gpsLongitude': '34.1485432', 'gpsAltitude': '1189.5', 'agrodealerPhone': '721202593'}"
Busia ,          ,     , "{'county': 'Busia', 'subcounty': '', 'ward': 'Bukhayo West', 'agrodealerName': 'Oasis farmers center', 'market': 'Mundika market', 'gpsLatitude': '0.4115602', 'gpsLongitude': '34.1467621', 'gpsAltitude': '0', 'agrodealerPhone': '740069002'}"
Busia ,          ,     , "{'county': 'Busia', 'subcounty': '', 'ward': 'Bukhayo West', 'agrodealerName': 'Ochieng shop', 'market': 'Korinda', 'gpsLatitude': '0.4426931', 'gpsLongitude': '34.1474107', 'gpsAltitude': '1210.800049', 'agrodealerPhone': '729239854'}"
Busia ,          ,     , "{'county': 'Busia', 'subcounty': '', 'ward': 'Bukhayo West', 'agrodealerName': 'Emmanuel hardware', 'market': 'Mundika', 'gpsLatitude': '0.4404777', 'gpsLongitude': '34.1483375', 'gpsAltitude': '1210.800049', 'agrodealerPhone': '742488806'}"
Busia ,          ,     , "{'county': 'Busia', 'subcounty': '', 'ward': 'Amukura West', 'agrodealerName': 'Gracious Agrovet', 'market': 'Amairo market center', 'gpsLatitude': '0.5958336', 'gpsLongitude': '34.224384', 'gpsAltitude': '1164.5', 'agrodealerPhone': '718704602'}"
Busia ,          ,     , "{'county': 'Busia', 'subcounty': '', 'ward': 'Bukhayo East', 'agrodealerName': 'Fertilizer', 'market': 'Madibo', 'gpsLatitude': '', 'gpsLongitude': '', 'gpsAltitude': '', 'agrodealerPhone': '721126924'}"
Busia ,          ,     , "{'county': 'Busia', 'subcounty': '', 'ward': ""Ageng'a Nanguba"", 'agrodealerName': 'Oluoch agrovet', 'market': 'Nakewa market', 'gpsLatitude': '0.2563488', 'gpsLongitude': '34.0432591', 'gpsAltitude': '1198.2', 'agrodealerPhone': '718232725'}"
Busia ,          ,     , "{'county': 'Busia', 'subcounty': '', 'ward': ""Ageng'a Nanguba"", 'agrodealerName': 'Odongo', 'market': 'Sigalame', 'gpsLatitude': '', 'gpsLongitude': '', 'gpsAltitude': '', 'agrodealerPhone': '40010104002'}"
Busia ,          ,     , "{'county': 'Busia', 'subcounty': '', 'ward': 'Namboboto Nambuku', 'agrodealerName': 'Jane Auma', 'market': 'Ganjala Market', 'gpsLatitude': '0.3382654', 'gpsLongitude': '34.1374982', 'gpsAltitude': '1204.2', 'agrodealerPhone': ''}"
Busia ,          ,     , "{'county': 'Busia', 'subcounty': '', 'ward': 'Bunyala West', 'agrodealerName': 'Peter', 'market': 'Bubango', 'gpsLatitude': '', 'gpsLongitude': '', 'gpsAltitude': '', 'agrodealerPhone': ''}"
Busia ,          ,     , "{'county': 'Busia', 'subcounty': '', 'ward': 'Namboboto Nambuku', 'agrodealerName': 'Felester Ouma Maiga', 'market': 'Ganjala Market', 'gpsLatitude': '0.3386244', 'gpsLongitude': '34.1375439', 'gpsAltitude': '1201.1', 'agrodealerPhone': '726652116'}"
Busia ,          ,     , "{'county': 'Busia', 'subcounty': '', 'ward': 'Chakol North', 'agrodealerName': 'Feo', 'market': 'Asinge', 'gpsLatitude': '0.5446069', 'gpsLongitude': '34.1888349', 'gpsAltitude': '1195.4', 'agrodealerPhone': ''}"
Busia ,          ,     , "{'county': 'Busia', 'subcounty': '', 'ward': 'Nambale Township', 'agrodealerName': '', 'market': '', 'gpsLatitude': '', 'gpsLongitude': '', 'gpsAltitude': '', 'agrodealerPhone': ''}"
Busia ,          ,     , "{'county': 'Busia', 'subcounty': '', 'ward': ""Ageng'a Nanguba"", 'agrodealerName': 'Buyd', 'market': 'Bukiri', 'gpsLatitude': '', 'gpsLongitude': '', 'gpsAltitude': '', 'agrodealerPhone': ''}"
Busia ,          ,     , "{'county': 'Busia', 'subcounty': '', 'ward': ""Ang'urai East"", 'agrodealerName': 'KOLANYA AGROVET', 'market': 'KOLANYA MARKET', 'gpsLatitude': '0.7023432', 'gpsLongitude': '34.3982028', 'gpsAltitude': '1384.9', 'agrodealerPhone': '741198261'}"
Busia ,          ,     , "{'county': 'Busia', 'subcounty': '', 'ward': 'Nangina', 'agrodealerName': 'Moja Farm Input', 'market': 'Odiado Market Center', 'gpsLatitude': '0.2854859', 'gpsLongitude': '34.148006', 'gpsAltitude': '1316.1', 'agrodealerPhone': '715768755'}"
Busia ,          ,     , "{'county': 'Busia', 'subcounty': '', 'ward': 'Kingandole', 'agrodealerName': 'MAGHARIBI HARDWARE', 'market': 'MURUMBA', 'gpsLatitude': '0.34172012', 'gpsLongitude': '34.26054709', 'gpsAltitude': '0', 'agrodealerPhone': '724631989'}"
Busia ,          ,     , "{'county': 'Busia', 'subcounty': '', 'ward': 'Kingandole', 'agrodealerName': 'WEDINYIE HARDWARE', 'market': 'MURUMBA', 'gpsLatitude': '0.340681117', 'gpsLongitude': '34.25951242', 'gpsAltitude': '0', 'agrodealerPhone': '720445216'}"
Busia ,          ,     , "{'county': 'Busia', 'subcounty': '', 'ward': 'Kingandole', 'agrodealerName': 'BEN YUCAN', 'market': 'MURUMBA', 'gpsLatitude': '0.337166144', 'gpsLongitude': '34.25773714', 'gpsAltitude': '0', 'agrodealerPhone': '722585906'}"
Busia ,          ,     , "{'county': 'Busia', 'subcounty': '', 'ward': 'Kingandole', 'agrodealerName': 'TUMAINI', 'market': 'MURUMBA MARKET', 'gpsLatitude': '0.334875', 'gpsLongitude': '34.2580833', 'gpsAltitude': '1284.6', 'agrodealerPhone': '717313671'}"
Busia ,          ,     , "{'county': 'Busia', 'subcounty': '', 'ward': 'Nambale Township', 'agrodealerName': 'Toster Agrovet', 'market': 'Nambale town', 'gpsLatitude': '0.4483508', 'gpsLongitude': '34.2507424', 'gpsAltitude': '1203.3', 'agrodealerPhone': '715124283'}"
Busia ,          ,     , "{'county': 'Busia', 'subcounty': '', 'ward': 'Nambale Township', 'agrodealerName': 'Smart Farm', 'market': 'Nambale', 'gpsLatitude': '0.4485552', 'gpsLongitude': '34.2523616', 'gpsAltitude': '1191.8', 'agrodealerPhone': '723312854'}"
Busia ,          ,     , "{'county': 'Busia', 'subcounty': '', 'ward': 'Nambale Township', 'agrodealerName': 'Farmland Agrovet', 'market': 'Nambale town', 'gpsLatitude': '0.4487094', 'gpsLongitude': '34.2541524', 'gpsAltitude': '567', 'agrodealerPhone': '712568402'}"
Busia ,          ,     , "{'county': 'Busia', 'subcounty': '', 'ward': 'Bukhayo West', 'agrodealerName': 'Dowel hardware', 'market': 'Mundika', 'gpsLatitude': '0.4309987', 'gpsLongitude': '34.1488371', 'gpsAltitude': '1210.599976', 'agrodealerPhone': '704127220'}"
Busia ,          ,     , "{'county': 'Busia', 'subcounty': '', 'ward': 'Bukhayo West', 'agrodealerName': 'Faith cereals store', 'market': 'Mundika', 'gpsLatitude': '0.4312267', 'gpsLongitude': '34.1489167', 'gpsAltitude': '1210.5', 'agrodealerPhone': '724148079'}"
Busia ,          ,     , "{'county': 'Busia', 'subcounty': '', 'ward': 'Bukhayo West', 'agrodealerName': 'Arise and shine hardware', 'market': 'Mundika', 'gpsLatitude': '0.4312845', 'gpsLongitude': '34.1488539', 'gpsAltitude': '1210.5', 'agrodealerPhone': '728272656'}"
Busia ,          ,     , "{'county': 'Busia', 'subcounty': '', 'ward': 'Bunyala North', 'agrodealerName': 'Mkulima Agrovet', 'market': 'Mudembi market', 'gpsLatitude': '0.1244941', 'gpsLongitude': '34.0550852', 'gpsAltitude': '1137.4', 'agrodealerPhone': '722561965'}"
Busia ,          ,     , "{'county': 'Busia', 'subcounty': '', 'ward': 'Nambale Township', 'agrodealerName': 'Agape Agrovet', 'market': 'Nambale town', 'gpsLatitude': '0.4486835', 'gpsLongitude': '34.254252', 'gpsAltitude': '567', 'agrodealerPhone': '726505536'}"
Busia ,          ,     , "{'county': 'Busia', 'subcounty': '', 'ward': ""Ageng'a Nanguba"", 'agrodealerName': 'Random', 'market': 'Bukiri shopping center', 'gpsLatitude': '', 'gpsLongitude': '', 'gpsAltitude': '', 'agrodealerPhone': ''}"
Busia ,          ,     , "{'county': 'Busia', 'subcounty': '', 'ward': 'Nambale Township', 'agrodealerName': 'Riziki Agrovet', 'market': 'Nambale town', 'gpsLatitude': '0.4502267', 'gpsLongitude': '34.2511874', 'gpsAltitude': '1204.1', 'agrodealerPhone': '713402000'}"
Busia ,          ,     , "{'county': 'Busia', 'subcounty': '', 'ward': ""Ang'orom"", 'agrodealerName': 'Brian Otibine', 'market': 'Opposite Drimz', 'gpsLatitude': '0.459699206', 'gpsLongitude': '34.11816705', 'gpsAltitude': '1209.300049', 'agrodealerPhone': '790923611'}"
Busia ,          ,     , "{'county': 'Busia', 'subcounty': '', 'ward': 'Bunyala North', 'agrodealerName': 'Shamma Agrovet', 'market': 'Mudembi market', 'gpsLatitude': '0.1246533', 'gpsLongitude': '34.0540767', 'gpsAltitude': '1147.7', 'agrodealerPhone': '714809951'}"
Busia ,          ,     , "{'county': 'Busia', 'subcounty': '', 'ward': 'Chakol North', 'agrodealerName': '', 'market': 'Asinge', 'gpsLatitude': '', 'gpsLongitude': '', 'gpsAltitude': '', 'agrodealerPhone': ''}"
Busia ,          ,     , "{'county': 'Busia', 'subcounty': '', 'ward': 'Bunyala Central', 'agrodealerName': 'MKULIMA AGROVET AND FARM INPUT', 'market': 'MUBWAYO ', 'gpsLatitude': '0.0827633', 'gpsLongitude': '34.04585', 'gpsAltitude': '1113.4', 'agrodealerPhone': '722561965'}"
Busia ,          ,     , "{'county': 'Busia', 'subcounty': '', 'ward': 'Nambale Township', 'agrodealerName': 'Sinani Agrovet', 'market': 'Nambale', 'gpsLatitude': '0.4484932', 'gpsLongitude': '34.2510003', 'gpsAltitude': '1187.2', 'agrodealerPhone': '723977802'}"
Busia ,          ,     , "{'county': 'Busia', 'subcounty': '', 'ward': 'Nambale Township', 'agrodealerName': 'Deleton Agrovet', 'market': 'Centre', 'gpsLatitude': '0.457662', 'gpsLongitude': '34.2379913', 'gpsAltitude': '1181.6', 'agrodealerPhone': '724049146'}"
Busia ,          ,     , "{'county': 'Busia', 'subcounty': '', 'ward': ""Ang'orom"", 'agrodealerName': 'Giathi Agro', 'market': 'Opposite Yunear', 'gpsLatitude': '0.459595609', 'gpsLongitude': '34.11520723', 'gpsAltitude': '0', 'agrodealerPhone': '721800555'}"
Busia ,          ,     , "{'county': 'Busia', 'subcounty': '', 'ward': 'Bunyala North', 'agrodealerName': 'SARAFINA Agrovet', 'market': 'BUDALANGI MARKET', 'gpsLatitude': '0.141474647', 'gpsLongitude': '34.03246142', 'gpsAltitude': '0', 'agrodealerPhone': '750870239'}"
Busia ,          ,     , "{'county': 'Busia', 'subcounty': '', 'ward': 'Namboboto Nambuku', 'agrodealerName': 'Samia Farmers', 'market': 'Funyula Market', 'gpsLatitude': '0.2672591', 'gpsLongitude': '34.1276014', 'gpsAltitude': '88.3', 'agrodealerPhone': '725214322'}"
Busia ,          ,     , "{'county': 'Busia', 'subcounty': '', 'ward': ""Ang'orom"", 'agrodealerName': 'Bina Farmers Centre', 'market': 'Busia town', 'gpsLatitude': '0.4581606', 'gpsLongitude': '34.1185928', 'gpsAltitude': '1208.300049', 'agrodealerPhone': ''}"
Busia ,          ,     , "{'county': 'Busia', 'subcounty': '', 'ward': 'Bunyala North', 'agrodealerName': 'SARAFINA AGROVET', 'market': 'BUDALANGI MARKET ', 'gpsLatitude': '0.1395503', 'gpsLongitude': '34.0228906', 'gpsAltitude': '0', 'agrodealerPhone': '750870239'}"
Busia ,          ,     , "{'county': 'Busia', 'subcounty': '', 'ward': ""Ang'orom"", 'agrodealerName': 'Multidose', 'market': 'Opposite Younear Hotel', 'gpsLatitude': '0.460094819', 'gpsLongitude': '34.11370419', 'gpsAltitude': '0', 'agrodealerPhone': '720922041'}"
Busia ,          ,     , "{'county': 'Busia', 'subcounty': '', 'ward': 'Busibwabo', 'agrodealerName': 'Wandera and Sons Agrovet', 'market': 'Busibwabo', 'gpsLatitude': '0.4113901', 'gpsLongitude': '34.1998734', 'gpsAltitude': '1203.2', 'agrodealerPhone': '792735938'}"
Busia ,          ,     , "{'county': 'Busia', 'subcounty': '', 'ward': ""Ang'urai East"", 'agrodealerName': 'Yalama Agrovet', 'market': 'Changara', 'gpsLatitude': '0.7404567', 'gpsLongitude': '34.4189547', 'gpsAltitude': '1401.8', 'agrodealerPhone': '725164758'}"
Busia ,          ,     , "{'county': 'Busia', 'subcounty': '', 'ward': 'Malaba North', 'agrodealerName': '', 'market': '', 'gpsLatitude': '0.6346167', 'gpsLongitude': '34.2778537', 'gpsAltitude': '1139.800049', 'agrodealerPhone': ''}"
Busia ,          ,     , "{'county': 'Busia', 'subcounty': '', 'ward': 'Malaba North', 'agrodealerName': '', 'market': '.', 'gpsLatitude': '0.6346012', 'gpsLongitude': '34.2779205', 'gpsAltitude': '1139.800049', 'agrodealerPhone': ''}"
Busia ,          ,     , "{'county': 'Busia', 'subcounty': '', 'ward': ""Ang'orom"", 'agrodealerName': 'Busia Agrovet', 'market': 'Busia town', 'gpsLatitude': '0.4580448', 'gpsLongitude': '34.1195913', 'gpsAltitude': '1208.300049', 'agrodealerPhone': '733457904'}"
Busia ,          ,     , "{'county': 'Busia', 'subcounty': '', 'ward': 'Malaba North', 'agrodealerName': '', 'market': '', 'gpsLatitude': '0.6346857', 'gpsLongitude': '34.2802761', 'gpsAltitude': '1141.700073', 'agrodealerPhone': ''}"
Busia ,          ,     , "{'county': 'Busia', 'subcounty': '', 'ward': 'Marachi Central', 'agrodealerName': '', 'market': 'Bukhalalire', 'gpsLatitude': '', 'gpsLongitude': '', 'gpsAltitude': '', 'agrodealerPhone': ''}"
Busia ,          ,     , "{'county': 'Busia', 'subcounty': '', 'ward': ""Ang'orom"", 'agrodealerName': 'Green Agro distributors', 'market': 'Busia town', 'gpsLatitude': '0.4553727', 'gpsLongitude': '34.1265352', 'gpsAltitude': '1206.099976', 'agrodealerPhone': '756144444'}"
Busia ,          ,     , "{'county': 'Busia', 'subcounty': '', 'ward': 'Chakol North', 'agrodealerName': ""Asing'e Agrovet"", 'market': ""Asing'e market"", 'gpsLatitude': '0.5446433', 'gpsLongitude': '34.1749317', 'gpsAltitude': '1211.1', 'agrodealerPhone': '712141089'}"
Busia ,          ,     , "{'county': 'Busia', 'subcounty': '', 'ward': 'Bukhayo West', 'agrodealerName': 'Musigire Hardware', 'market': 'Budokomi Kwa Store', 'gpsLatitude': '0.404231', 'gpsLongitude': '34.1272885', 'gpsAltitude': '1193.396362', 'agrodealerPhone': '715221825'}"
Busia ,          ,     , "{'county': 'Busia', 'subcounty': '', 'ward': 'Malaba Central', 'agrodealerName': 'Favor agrovet', 'market': 'Amagoro', 'gpsLatitude': '0.6280817', 'gpsLongitude': '34.3309817', 'gpsAltitude': '1206.4', 'agrodealerPhone': '792613279'}"
Busia ,          ,     , "{'county': 'Busia', 'subcounty': '', 'ward': 'Elugulu', 'agrodealerName': 'Boaz kilimo agro', 'market': 'Lugulu market', 'gpsLatitude': '0.3928743', 'gpsLongitude': '34.3048359', 'gpsAltitude': '1278.9', 'agrodealerPhone': '2.55E+11'}"
Busia ,          ,     , "{'county': 'Busia', 'subcounty': '', 'ward': ""Ang'orom"", 'agrodealerName': 'Western Deluxe Premium feeders', 'market': 'Busiaict town', 'gpsLatitude': '0.4524924', 'gpsLongitude': '34.1323753', 'gpsAltitude': '1196.800049', 'agrodealerPhone': '729110199'}"
Busia ,          ,     , "{'county': 'Busia', 'subcounty': '', 'ward': 'Bukhayo West', 'agrodealerName': 'Arise and shine hardware', 'market': 'Mundika', 'gpsLatitude': '0.4309991', 'gpsLongitude': '34.1488374', 'gpsAltitude': '1210.599976', 'agrodealerPhone': '728272656'}"
Busia ,          ,     , "{'county': 'Busia', 'subcounty': '', 'ward': 'Bukhayo Central', 'agrodealerName': 'One Acre Fund Tupande Duka', 'market': 'Malanga Market', 'gpsLatitude': '0.4127972', 'gpsLongitude': '34.2855021', 'gpsAltitude': '1231.4', 'agrodealerPhone': '759517968'}"
Busia ,          ,     , "{'county': 'Busia', 'subcounty': '', 'ward': 'Malaba North', 'agrodealerName': '', 'market': 'Uplands', 'gpsLatitude': '0.6400033', 'gpsLongitude': '34.2865453', 'gpsAltitude': '1183.9', 'agrodealerPhone': ''}"
Busia ,          ,     , "{'county': 'Busia', 'subcounty': '', 'ward': 'Malaba Central', 'agrodealerName': 'NAFAKA AGROVET', 'market': 'AMAGORO', 'gpsLatitude': '0.6276874', 'gpsLongitude': '34.3325719', 'gpsAltitude': '0', 'agrodealerPhone': '792612434'}"
Busia ,          ,     , "{'county': 'Busia', 'subcounty': '', 'ward': 'Malaba North', 'agrodealerName': '', 'market': '', 'gpsLatitude': '0.6410251', 'gpsLongitude': '34.2867061', 'gpsAltitude': '1146.9', 'agrodealerPhone': ''}"
Busia ,          ,     , "{'county': 'Busia', 'subcounty': '', 'ward': 'Nambale Township', 'agrodealerName': 'Nambale shop', 'market': 'Nambale', 'gpsLatitude': '0.4570527', 'gpsLongitude': '34.237595', 'gpsAltitude': '1174.6', 'agrodealerPhone': ''}"
Busia ,          ,     , "{'county': 'Busia', 'subcounty': '', 'ward': 'Chakol North', 'agrodealerName': 'Agrovet', 'market': 'Aterait', 'gpsLatitude': '', 'gpsLongitude': '', 'gpsAltitude': '', 'agrodealerPhone': '712926799'}"
Busia ,          ,     , "{'county': 'Busia', 'subcounty': '', 'ward': ""Ang'urai North"", 'agrodealerName': '', 'market': '', 'gpsLatitude': '', 'gpsLongitude': '', 'gpsAltitude': '', 'agrodealerPhone': ''}"
Busia ,          ,     , "{'county': 'Busia', 'subcounty': '', 'ward': ""Ageng'a Nanguba"", 'agrodealerName': 'Random', 'market': 'Sigalame', 'gpsLatitude': '', 'gpsLongitude': '', 'gpsAltitude': '', 'agrodealerPhone': ''}"
Busia ,          ,     , "{'county': 'Busia', 'subcounty': '', 'ward': 'Bukhayo West', 'agrodealerName': 'Cereals', 'market': 'Mundika market ', 'gpsLatitude': '0.4149355', 'gpsLongitude': '34.1476609', 'gpsAltitude': '1207.300049', 'agrodealerPhone': '702924413'}"
Busia ,          ,     , "{'county': 'Busia', 'subcounty': '', 'ward': 'Bukhayo West', 'agrodealerName': 'Mundika agrovet', 'market': 'Mundika market ', 'gpsLatitude': '0.4146204', 'gpsLongitude': '34.1472008', 'gpsAltitude': '1207.200073', 'agrodealerPhone': '724698823'}"
Busia ,          ,     , "{'county': 'Busia', 'subcounty': '', 'ward': 'Bwiri', 'agrodealerName': 'Temakho Agrovet', 'market': 'Ganga', 'gpsLatitude': '0.1838732', 'gpsLongitude': '34.0777704', 'gpsAltitude': '1199.800049', 'agrodealerPhone': ''}"
Busia ,          ,     , "{'county': 'Busia', 'subcounty': '', 'ward': 'Bwiri', 'agrodealerName': 'Tumaini Agrovet', 'market': 'Ganga', 'gpsLatitude': '0.1834031', 'gpsLongitude': '34.0773675', 'gpsAltitude': '1210', 'agrodealerPhone': ''}"
Busia ,          ,     , "{'county': 'Busia', 'subcounty': '', 'ward': 'Chakol North', 'agrodealerName': '\nJaimieyAgrojena', 'market': 'Apegei', 'gpsLatitude': '0.5447667', 'gpsLongitude': '34.1976033', 'gpsAltitude': '1226.1', 'agrodealerPhone': '723096393'}"
Busia ,          ,     , "{'county': 'Busia', 'subcounty': '', 'ward': 'Bukhayo West', 'agrodealerName': 'Mundika hardware', 'market': 'Mundika market', 'gpsLatitude': '0.414848614', 'gpsLongitude': '34.14617367', 'gpsAltitude': '1207.200073', 'agrodealerPhone': '723712765'}"
Busia ,          ,     , "{'county': 'Busia', 'subcounty': '', 'ward': ""Ang'orom"", 'agrodealerName': 'Western Deluxe Premium feeders', 'market': 'Kiwanja', 'gpsLatitude': '0.452405', 'gpsLongitude': '34.1322283', 'gpsAltitude': '1196.800049', 'agrodealerPhone': ''}"
Busia ,          ,     , "{'county': 'Busia', 'subcounty': '', 'ward': 'Nambale Township', 'agrodealerName': 'Kiolo', 'market': 'Koko', 'gpsLatitude': '', 'gpsLongitude': '', 'gpsAltitude': '', 'agrodealerPhone': '710235869'}"
Busia ,          ,     , "{'county': 'Busia', 'subcounty': '', 'ward': 'Nambale Township', 'agrodealerName': 'Kisoko ', 'market': 'Kioko', 'gpsLatitude': '-15.71611427', 'gpsLongitude': '-54.26117286', 'gpsAltitude': '0', 'agrodealerPhone': '713740363'}"
Busia ,          ,     , "{'county': 'Busia', 'subcounty': '', 'ward': 'Nambale Township', 'agrodealerName': 'Napasama Agrovet', 'market': 'NAMBALE', 'gpsLatitude': '-19.74592642', 'gpsLongitude': '-127.1701142', 'gpsAltitude': '0', 'agrodealerPhone': ''}"
Busia ,          ,     , "{'county': 'Busia', 'subcounty': '', 'ward': ""Ang'urai North"", 'agrodealerName': 'FARIDA Agrovet', 'market': 'ADUNGOSI', 'gpsLatitude': '0.4525986', 'gpsLongitude': '34.243028', 'gpsAltitude': '0', 'agrodealerPhone': '723516948'}"
Busia ,          ,     , "{'county': 'Busia', 'subcounty': '', 'ward': 'Matayos South', 'agrodealerName': 'DAP', 'market': '', 'gpsLatitude': '', 'gpsLongitude': '', 'gpsAltitude': '', 'agrodealerPhone': ''}"
Busia ,          ,     , "{'county': 'Busia', 'subcounty': '', 'ward': ""Ageng'a Nanguba"", 'agrodealerName': 'K', 'market': 'Bukiri', 'gpsLatitude': '0.2237034', 'gpsLongitude': '34.0684595', 'gpsAltitude': '1250.3', 'agrodealerPhone': '741214674'}"
Busia ,          ,     , "{'county': 'Busia', 'subcounty': '', 'ward': ""Ageng'a Nanguba"", 'agrodealerName': 'R', 'market': 'Bukiri', 'gpsLatitude': '0.2526854', 'gpsLongitude': '34.0712891', 'gpsAltitude': '1222.5', 'agrodealerPhone': ''}"
Busia ,          ,     , "{'county': 'Busia', 'subcounty': '', 'ward': 'Nambale Township', 'agrodealerName': 'Agrianian agrovet', 'market': 'Busia', 'gpsLatitude': '0.4572298', 'gpsLongitude': '34.2376147', 'gpsAltitude': '1158.9', 'agrodealerPhone': ''}"
Busia ,          ,     , "{'county': 'Busia', 'subcounty': '', 'ward': 'Malaba South', 'agrodealerName': '', 'market': '', 'gpsLatitude': '', 'gpsLongitude': '', 'gpsAltitude': '', 'agrodealerPhone': ''}"
Busia ,          ,     , "{'county': 'Busia', 'subcounty': '', 'ward': 'Malaba South', 'agrodealerName': '', 'market': '', 'gpsLatitude': '', 'gpsLongitude': '', 'gpsAltitude': '', 'agrodealerPhone': ''}"
Busia ,          ,     , "{'county': 'Busia', 'subcounty': '', 'ward': 'Chakol North', 'agrodealerName': 'Lukolis agrovet', 'market': 'Lukolis', 'gpsLatitude': '0.522589665', 'gpsLongitude': '34.20399372', 'gpsAltitude': '0', 'agrodealerPhone': '708801633'}"
Busia ,          ,     , "{'county': 'Busia', 'subcounty': '', 'ward': ""Ageng'a Nanguba"", 'agrodealerName': 'M', 'market': 'Muramba', 'gpsLatitude': '', 'gpsLongitude': '', 'gpsAltitude': '', 'agrodealerPhone': ''}"
Busia ,          ,     , "{'county': 'Busia', 'subcounty': '', 'ward': 'Nambale Township', 'agrodealerName': 'Songi', 'market': 'Nambale', 'gpsLatitude': '-9.968866459', 'gpsLongitude': '-13.65235135', 'gpsAltitude': '0', 'agrodealerPhone': ''}"
Busia ,          ,     , "{'county': 'Busia', 'subcounty': '', 'ward': 'Chakol North', 'agrodealerName': 'Uwezo', 'market': ""Asing'e"", 'gpsLatitude': '0.546467662', 'gpsLongitude': '34.19364542', 'gpsAltitude': '0', 'agrodealerPhone': '745837316'}"
Busia ,          ,     , "{'county': 'Busia', 'subcounty': '', 'ward': 'Chakol North', 'agrodealerName': 'Ochieno', 'market': ""Asing'e"", 'gpsLatitude': '0.546016065', 'gpsLongitude': '34.17576212', 'gpsAltitude': '1145.4', 'agrodealerPhone': '728963582'}"
Busia ,          ,     , "{'county': 'Busia', 'subcounty': '', 'ward': 'Marachi North', 'agrodealerName': '', 'market': '', 'gpsLatitude': '0.32017', 'gpsLongitude': '34.3318683', 'gpsAltitude': '1217.3', 'agrodealerPhone': ''}"
Busia ,          ,     , "{'county': 'Busia', 'subcounty': '', 'ward': 'Bukhayo East', 'agrodealerName': 'Dancan', 'market': 'Elwanikha', 'gpsLatitude': '0.449168514', 'gpsLongitude': '34.1360376', 'gpsAltitude': '0', 'agrodealerPhone': '758235691'}"
Busia ,          ,     , "{'county': 'Busia', 'subcounty': '', 'ward': 'Busibwabo', 'agrodealerName': 'Test', 'market': 'Busia', 'gpsLatitude': '0.455698819', 'gpsLongitude': '34.11273189', 'gpsAltitude': '0', 'agrodealerPhone': '756321452'}"
Busia ,          ,     , "{'county': 'Busia', 'subcounty': '', 'ward': 'Chakol North', 'agrodealerName': 'Fropa', 'market': 'Apegei market', 'gpsLatitude': '0.5220722', 'gpsLongitude': '34.201337', 'gpsAltitude': '1223.3', 'agrodealerPhone': '797827323'}"
Busia ,          ,     , "{'county': 'Busia', 'subcounty': '', 'ward': ""Ang'urai North"", 'agrodealerName': 'Kodak', 'market': 'Angurai shopping center', 'gpsLatitude': '0.523153576', 'gpsLongitude': '34.20155995', 'gpsAltitude': '0', 'agrodealerPhone': '714574955'}"
Busia ,          ,     , "{'county': 'Busia', 'subcounty': '', 'ward': 'Malaba South', 'agrodealerName': '', 'market': '', 'gpsLatitude': '', 'gpsLongitude': '', 'gpsAltitude': '', 'agrodealerPhone': ''}"
Busia ,          ,     , "{'county': 'Busia', 'subcounty': '', 'ward': 'Nambale Township', 'agrodealerName': 'Nambale', 'market': 'Tangakona', 'gpsLatitude': '22.20935024', 'gpsLongitude': '-50.24169121', 'gpsAltitude': '0', 'agrodealerPhone': ''}"
Busia ,          ,     , "{'county': 'Busia', 'subcounty': '', 'ward': 'Nambale Township', 'agrodealerName': 'Nakhayo agrovet', 'market': 'Siekunya', 'gpsLatitude': '0.4573349', 'gpsLongitude': '34.238129', 'gpsAltitude': '1227.5', 'agrodealerPhone': '142325927'}"
Busia ,          ,     , "{'county': 'Busia', 'subcounty': '', 'ward': 'Amukura West', 'agrodealerName': ""Allan's farm"", 'market': 'Busia market', 'gpsLatitude': '0.458595', 'gpsLongitude': '34.1152133', 'gpsAltitude': '1220.8', 'agrodealerPhone': ''}"
Busia ,          ,     , "{'county': 'Busia', 'subcounty': '', 'ward': 'Mayenje', 'agrodealerName': '', 'market': '', 'gpsLatitude': '52.94344298', 'gpsLongitude': '-22.90154681', 'gpsAltitude': '0', 'agrodealerPhone': ''}"
Busia ,          ,     , "{'county': 'Busia', 'subcounty': '', 'ward': 'Malaba North', 'agrodealerName': 'Maize', 'market': 'Otwa', 'gpsLatitude': '0.4585717', 'gpsLongitude': '34.11496', 'gpsAltitude': '1183.2', 'agrodealerPhone': ''}"
Busia ,          ,     , "{'county': 'Busia', 'subcounty': '', 'ward': 'Nambale Township', 'agrodealerName': 'Mali Mali farm chemicals', 'market': 'Wax', 'gpsLatitude': '0.4487932', 'gpsLongitude': '34.2745624', 'gpsAltitude': '1217.9', 'agrodealerPhone': '742848984'}"
Busia ,          ,     , "{'county': 'Busia', 'subcounty': '', 'ward': 'Bwiri', 'agrodealerName': 'Tumaini agrovet', 'market': 'Market', 'gpsLatitude': '0.182578329', 'gpsLongitude': '34.0631878', 'gpsAltitude': '1317.1', 'agrodealerPhone': ''}"
Busia ,          ,     , "{'county': 'Busia', 'subcounty': '', 'ward': 'Bwiri', 'agrodealerName': 'Temakho Agrovet', 'market': 'Ganga', 'gpsLatitude': '0.184231903', 'gpsLongitude': '34.07801371', 'gpsAltitude': '0', 'agrodealerPhone': ''}"
Busia ,          ,     , "{'county': 'Busia', 'subcounty': '', 'ward': 'Bwiri', 'agrodealerName': 'Temakho Agrovet', 'market': 'Ganga', 'gpsLatitude': '0.18432645', 'gpsLongitude': '34.07823902', 'gpsAltitude': '0', 'agrodealerPhone': ''}"
Busia ,          ,     , "{'county': 'Busia', 'subcounty': '', 'ward': 'Chakol North', 'agrodealerName': 'Amani agrovet', 'market': 'Asinge', 'gpsLatitude': '0.5657567', 'gpsLongitude': '34.1722683', 'gpsAltitude': '1148.2', 'agrodealerPhone': '725282963'}"
Busia ,          ,     , "{'county': 'Busia', 'subcounty': '', 'ward': 'Chakol North', 'agrodealerName': ""Lydia's agrovet"", 'market': 'Apegei', 'gpsLatitude': '', 'gpsLongitude': '', 'gpsAltitude': '', 'agrodealerPhone': ''}"
Busia ,          ,     , "{'county': 'Busia', 'subcounty': '', 'ward': 'Nambale Township', 'agrodealerName': 'Nakajoro agrovet', 'market': 'Tangakona', 'gpsLatitude': '0.4815463', 'gpsLongitude': '34.2246169', 'gpsAltitude': '0', 'agrodealerPhone': ''}"
Busia ,          ,     , "{'county': 'Busia', 'subcounty': '', 'ward': 'Nambale Township', 'agrodealerName': 'nakajoro agrovet', 'market': 'Nambale market', 'gpsLatitude': '33.97428341', 'gpsLongitude': '127.0297445', 'gpsAltitude': '0', 'agrodealerPhone': ''}"
Busia ,          ,     , "{'county': 'Busia', 'subcounty': '', 'ward': 'Nambale Township', 'agrodealerName': 'Namuchelewa Agrovet', 'market': 'Nambale', 'gpsLatitude': '0.4542412', 'gpsLongitude': '34.2499291', 'gpsAltitude': '1129.6', 'agrodealerPhone': ''}"
Busia ,          ,     , "{'county': 'Busia', 'subcounty': '', 'ward': 'Elugulu', 'agrodealerName': 'Budie', 'market': 'Eluhaya', 'gpsLatitude': '', 'gpsLongitude': '', 'gpsAltitude': '', 'agrodealerPhone': '7888858'}"
Busia ,          ,     , "{'county': 'Busia', 'subcounty': '', 'ward': 'Nambale Township', 'agrodealerName': 'Nakhayo', 'market': 'Kisoko', 'gpsLatitude': '52.66151852', 'gpsLongitude': '-150.1036708', 'gpsAltitude': '0', 'agrodealerPhone': '716301321'}"
Busia ,          ,     , "{'county': 'Busia', 'subcounty': '', 'ward': 'Chakol North', 'agrodealerName': 'Musa agrovet', 'market': 'Aterait', 'gpsLatitude': '0.53251744', 'gpsLongitude': '34.19988289', 'gpsAltitude': '0', 'agrodealerPhone': '113036823'}"
Busia ,          ,     , "{'county': 'Busia', 'subcounty': '', 'ward': 'Elugulu', 'agrodealerName': 'Akites aagro', 'market': 'Akites', 'gpsLatitude': '0.5446322', 'gpsLongitude': '34.1975969', 'gpsAltitude': '1217.5', 'agrodealerPhone': '781585208'}"
Busia ,          ,     , "{'county': 'Busia', 'subcounty': '', 'ward': 'Chakol North', 'agrodealerName': 'Vinnex distributors', 'market': 'Asinge market', 'gpsLatitude': '0.5220722', 'gpsLongitude': '34.201337', 'gpsAltitude': '1224.3', 'agrodealerPhone': '711287152'}"
Busia ,          ,     , "{'county': 'Busia', 'subcounty': '', 'ward': 'Chakol North', 'agrodealerName': 'Silo', 'market': 'Apegei', 'gpsLatitude': '', 'gpsLongitude': '', 'gpsAltitude': '', 'agrodealerPhone': '725825446'}"
Busia ,          ,     , "{'county': 'Busia', 'subcounty': '', 'ward': 'Chakol North', 'agrodealerName': 'Exadus', 'market': 'Apegei market', 'gpsLatitude': '0.5655185', 'gpsLongitude': '34.1923014', 'gpsAltitude': '1212.2', 'agrodealerPhone': '713576823'}"
Busia ,          ,     , "{'county': 'Busia', 'subcounty': '', 'ward': 'Chakol North', 'agrodealerName': 'Fred agrovet', 'market': 'Asinge', 'gpsLatitude': '0.5446417', 'gpsLongitude': '34.1977167', 'gpsAltitude': '1211.8', 'agrodealerPhone': '741635991'}"
Busia ,          ,     , "{'county': 'Busia', 'subcounty': '', 'ward': 'Chakol North', 'agrodealerName': 'Lydia agrovet', 'market': 'Apegei', 'gpsLatitude': '0.5567002', 'gpsLongitude': '34.1905637', 'gpsAltitude': '1225.7', 'agrodealerPhone': '728296015'}"
Busia ,          ,     , "{'county': 'Busia', 'subcounty': '', 'ward': 'Elugulu', 'agrodealerName': 'Kodak agro dealers', 'market': 'Esokhulu', 'gpsLatitude': '0.5446856', 'gpsLongitude': '34.1975985', 'gpsAltitude': '1210.8', 'agrodealerPhone': '729866365'}"
Busia ,          ,     , "{'county': 'Busia', 'subcounty': '', 'ward': 'Chakol North', 'agrodealerName': 'Agroventures', 'market': 'Asinge ', 'gpsLatitude': '', 'gpsLongitude': '', 'gpsAltitude': '', 'agrodealerPhone': '711157413'}"
Busia ,          ,     , "{'county': 'Busia', 'subcounty': '', 'ward': 'Chakol North', 'agrodealerName': 'Chakol farmers agro base', 'market': 'Asinge', 'gpsLatitude': '0.5446817', 'gpsLongitude': '34.19775', 'gpsAltitude': '1289.8', 'agrodealerPhone': '723558963'}"
Busia ,          ,     , "{'county': 'Busia', 'subcounty': '', 'ward': 'Chakol North', 'agrodealerName': 'Mekii', 'market': 'Aterait', 'gpsLatitude': '0.5446219', 'gpsLongitude': '34.1976142', 'gpsAltitude': '1236.4', 'agrodealerPhone': '705898831'}"
Busia ,          ,     , "{'county': 'Busia', 'subcounty': '', 'ward': ""Ang'orom"", 'agrodealerName': 'Exodus Farm Inputs', 'market': 'Aterait', 'gpsLatitude': '0.5445868', 'gpsLongitude': '34.1976653', 'gpsAltitude': '1224.7', 'agrodealerPhone': '710829479'}"
Busia ,          ,     , "{'county': 'Busia', 'subcounty': '', 'ward': 'Chakol North', 'agrodealerName': 'Akites agro', 'market': 'Akites agro', 'gpsLatitude': '', 'gpsLongitude': '', 'gpsAltitude': '', 'agrodealerPhone': '706320650'}"
Busia ,          ,     , "{'county': 'Busia', 'subcounty': '', 'ward': 'Elugulu', 'agrodealerName': 'Kodax ', 'market': 'Apegei market', 'gpsLatitude': '0.5446284', 'gpsLongitude': '34.1975586', 'gpsAltitude': '1243.2', 'agrodealerPhone': '72762365588'}"
Busia ,          ,     , "{'county': 'Busia', 'subcounty': '', 'ward': 'Nambale Township', 'agrodealerName': 'Muklima', 'market': 'Nambale', 'gpsLatitude': '0.452469541', 'gpsLongitude': '34.24347818', 'gpsAltitude': '0', 'agrodealerPhone': '759392020'}"
Busia ,          ,     , "{'county': 'Busia', 'subcounty': '', 'ward': 'Nambale Township', 'agrodealerName': 'Kisoko', 'market': 'Kisoko', 'gpsLatitude': '0.4525986', 'gpsLongitude': '34.243028', 'gpsAltitude': '0', 'agrodealerPhone': '745218808'}"
Busia ,          ,     , "{'county': 'Busia', 'subcounty': '', 'ward': 'Nambale Township', 'agrodealerName': 'Mkulima Agro', 'market': 'Tangakons', 'gpsLatitude': '0.460501496', 'gpsLongitude': '34.23810069', 'gpsAltitude': '1193.8', 'agrodealerPhone': '711134681'}"
Busia ,          ,     , "{'county': 'Busia', 'subcounty': '', 'ward': 'Nambale Township', 'agrodealerName': 'Nakhayo agrovet', 'market': 'Center', 'gpsLatitude': '0.45565624', 'gpsLongitude': '34.2384601', 'gpsAltitude': '0', 'agrodealerPhone': '+'}"
Busia ,          ,     , "{'county': 'Busia', 'subcounty': '', 'ward': 'Nambale Township', 'agrodealerName': 'AGAPE AGROVET\n', 'market': 'Nambale', 'gpsLatitude': '0.4572186', 'gpsLongitude': '34.2376973', 'gpsAltitude': '1211', 'agrodealerPhone': ''}"
Busia ,          ,     , "{'county': 'Busia', 'subcounty': '', 'ward': 'Nambale Township', 'agrodealerName': 'Namuchelewa Agrovet', 'market': 'Nambale', 'gpsLatitude': '', 'gpsLongitude': '', 'gpsAltitude': '', 'agrodealerPhone': ''}"
Busia ,          ,     , "{'county': 'Busia', 'subcounty': '', 'ward': 'Nambale Township', 'agrodealerName': 'NASIRA', 'market': 'NAMBALE', 'gpsLatitude': '0.46142314', 'gpsLongitude': '34.24013615', 'gpsAltitude': '0', 'agrodealerPhone': '731112369'}"
Busia ,          ,     , "{'county': 'Busia', 'subcounty': '', 'ward': 'Nambale Township', 'agrodealerName': 'Siai agrovet', 'market': 'Nambale market', 'gpsLatitude': '0.461774163', 'gpsLongitude': '34.2376893', 'gpsAltitude': '1223', 'agrodealerPhone': '751787242'}"
Busia ,          ,     , "{'county': 'Busia', 'subcounty': '', 'ward': 'Nambale Township', 'agrodealerName': 'Agape', 'market': 'Nambale', 'gpsLatitude': '0.4525986', 'gpsLongitude': '34.243028', 'gpsAltitude': '0', 'agrodealerPhone': '706652038'}"
Busia ,          ,     , "{'county': 'Busia', 'subcounty': '', 'ward': 'Nambale Township', 'agrodealerName': 'Napasama agrovet', 'market': 'Kisoko', 'gpsLatitude': '', 'gpsLongitude': '', 'gpsAltitude': '', 'agrodealerPhone': ''}"
Busia ,          ,     , "{'county': 'Busia', 'subcounty': '', 'ward': 'Nambale Township', 'agrodealerName': 'Nakhayo agrovet', 'market': 'Nambale', 'gpsLatitude': '0.457034852', 'gpsLongitude': '34.23800144', 'gpsAltitude': '0', 'agrodealerPhone': '+'}"
Busia ,          ,     , "{'county': 'Busia', 'subcounty': '', 'ward': 'Nambale Township', 'agrodealerName': 'Agrohero farm inputs', 'market': 'Nambale', 'gpsLatitude': '0.476795036', 'gpsLongitude': '34.24128179', 'gpsAltitude': '0', 'agrodealerPhone': '707093664'}"
Busia ,          ,     , "{'county': 'Busia', 'subcounty': '', 'ward': 'Nambale Township', 'agrodealerName': 'Nambale', 'market': 'Nambale', 'gpsLatitude': '0.456736801', 'gpsLongitude': '34.23843931', 'gpsAltitude': '0', 'agrodealerPhone': ''}"
Busia ,          ,     , "{'county': 'Busia', 'subcounty': '', 'ward': 'Elugulu', 'agrodealerName': 'Noble Kafuna ', 'market': 'Nambale', 'gpsLatitude': '0.4569877', 'gpsLongitude': '34.2378334', 'gpsAltitude': '1280', 'agrodealerPhone': '711111111'}"
Busia ,          ,     , "{'county': 'Busia', 'subcounty': '', 'ward': 'Nambale Township', 'agrodealerName': 'Mkulima agrovet', 'market': 'Tangakona', 'gpsLatitude': '0.455026947', 'gpsLongitude': '34.25240558', 'gpsAltitude': '0', 'agrodealerPhone': ''}"
Busia ,          ,     , "{'county': 'Busia', 'subcounty': '', 'ward': 'Nambale Township', 'agrodealerName': 'Christ ', 'market': 'Nambale', 'gpsLatitude': '0.4570704', 'gpsLongitude': '34.2378332', 'gpsAltitude': '1205.5', 'agrodealerPhone': ''}"
Busia ,          ,     , "{'county': 'Busia', 'subcounty': '', 'ward': 'Nambale Township', 'agrodealerName': '', 'market': '', 'gpsLatitude': '0.450721465', 'gpsLongitude': '34.25398506', 'gpsAltitude': '0', 'agrodealerPhone': ''}"
Busia ,          ,     , "{'county': 'Busia', 'subcounty': '', 'ward': 'Nambale Township', 'agrodealerName': 'Nakhumicha agrovet', 'market': 'Nambale', 'gpsLatitude': '0.460708355', 'gpsLongitude': '34.23885975', 'gpsAltitude': '0', 'agrodealerPhone': '700800000'}"
Busia ,          ,     , "{'county': 'Busia', 'subcounty': '', 'ward': 'Nambale Township', 'agrodealerName': 'Jekks', 'market': 'Tangakona', 'gpsLatitude': '0.4597074', 'gpsLongitude': '34.2388598', 'gpsAltitude': '0', 'agrodealerPhone': '701383368'}"
Busia ,          ,     , "{'county': 'Busia', 'subcounty': '', 'ward': ""Ang'orom"", 'agrodealerName': 'Raj Agro Dealer', 'market': 'Angorom Soko', 'gpsLatitude': '13.06862454', 'gpsLongitude': '8.671746366', 'gpsAltitude': '0', 'agrodealerPhone': '725852698'}"
Busia ,          ,     , "{'county': 'Busia', 'subcounty': '', 'ward': '', 'agrodealerName': 'Hr', 'market': 'Ht', 'gpsLatitude': '0.4564795', 'gpsLongitude': '34.1126795', 'gpsAltitude': '1215.2', 'agrodealerPhone': '123456789'}"
Busia ,          ,     , "{'county': 'Busia', 'subcounty': '', 'ward': 'Mayenje', 'agrodealerName': 'Ffff', 'market': 'Busia', 'gpsLatitude': '0.4586681', 'gpsLongitude': '34.114927', 'gpsAltitude': '0', 'agrodealerPhone': '321444'}"
Busia ,          ,     , "{'county': 'Busia', 'subcounty': '', 'ward': 'Chakol South', 'agrodealerName': 'Shraj enterprises', 'market': 'Okiludu', 'gpsLatitude': '47.66409873', 'gpsLongitude': '-21.48881391', 'gpsAltitude': '0', 'agrodealerPhone': '727637468'}"
Busia ,          ,     , "{'county': 'Busia', 'subcounty': '', 'ward': 'Chakol South', 'agrodealerName': 'Shraj Agro dealer', 'market': 'Okiludu', 'gpsLatitude': '78.296322', 'gpsLongitude': '-157.1886626', 'gpsAltitude': '0', 'agrodealerPhone': '727637468'}"
Busia ,          ,     , "{'county': 'Busia', 'subcounty': '', 'ward': 'Elugulu', 'agrodealerName': 'Maize agro dealers', 'market': 'BULEMIA ', 'gpsLatitude': '2.377263891', 'gpsLongitude': '-19.90941323', 'gpsAltitude': '0', 'agrodealerPhone': ''}"
Busia ,          ,     , "{'county': 'Busia', 'subcounty': '', 'ward': 'Mayenje', 'agrodealerName': 'Mary agrovet', 'market': 'Siteko ', 'gpsLatitude': '0.141456542', 'gpsLongitude': '35.5658887', 'gpsAltitude': '0', 'agrodealerPhone': '745818076'}"
Busia ,          ,     , "{'county': 'Busia', 'subcounty': '', 'ward': 'Busibwabo', 'agrodealerName': 'Park enterprises', 'market': 'Malimali', 'gpsLatitude': '65.84408008', 'gpsLongitude': '-61.5622903', 'gpsAltitude': '0', 'agrodealerPhone': '718883104'}"
Busia ,          ,     , "{'county': 'Busia', 'subcounty': '', 'ward': 'Bukhayo North / Walatsi', 'agrodealerName': 'Machwani Logistics', 'market': 'New York', 'gpsLatitude': '0.461643074', 'gpsLongitude': '34.11484312', 'gpsAltitude': '0', 'agrodealerPhone': '733825747'}"
Busia ,          ,     , "{'county': 'Busia', 'subcounty': '', 'ward': 'Chakol South', 'agrodealerName': 'Fish', 'market': 'Olepito', 'gpsLatitude': '', 'gpsLongitude': '', 'gpsAltitude': '', 'agrodealerPhone': '722258388'}"
Busia ,          ,     , "{'county': 'Busia', 'subcounty': '', 'ward': ""Ang'orom"", 'agrodealerName': 'Rach grodealer', 'market': 'Alupe', 'gpsLatitude': '-6.912539343', 'gpsLongitude': '-30.08776277', 'gpsAltitude': '0', 'agrodealerPhone': '743651834'}"
Busia ,          ,     , "{'county': 'Busia', 'subcounty': '', 'ward': 'Amukura West', 'agrodealerName': 'Osuret agrovet', 'market': 'Osuret market center', 'gpsLatitude': '0.590058119', 'gpsLongitude': '34.24996745', 'gpsAltitude': '0', 'agrodealerPhone': ''}"
Busia ,          ,     , "{'county': 'Busia', 'subcounty': '', 'ward': 'Amukura Central', 'agrodealerName': 'F1 agrovet', 'market': 'Simbachai', 'gpsLatitude': '36.87961712', 'gpsLongitude': '-30.1757912', 'gpsAltitude': '0', 'agrodealerPhone': '70406348'}"
Busia ,          ,     , "{'county': 'Busia', 'subcounty': '', 'ward': 'Amukura Central', 'agrodealerName': 'Raj agro dealers', 'market': 'Amukura market', 'gpsLatitude': '54.67383038', 'gpsLongitude': '-22.79297501', 'gpsAltitude': '0', 'agrodealerPhone': '704063483'}"
Busia ,          ,     , "{'county': 'Busia', 'subcounty': '', 'ward': 'Chakol South', 'agrodealerName': 'Hope Empire ', 'market': 'Ochude market', 'gpsLatitude': '0.463744852', 'gpsLongitude': '34.17370688', 'gpsAltitude': '0', 'agrodealerPhone': '711717634'}"
Busia ,          ,     , "{'county': 'Busia', 'subcounty': '', 'ward': 'Bukhayo West', 'agrodealerName': 'Planet', 'market': 'Mundika market', 'gpsLatitude': '', 'gpsLongitude': '', 'gpsAltitude': '', 'agrodealerPhone': '712324547'}"
Busia ,          ,     , "{'county': 'Busia', 'subcounty': '', 'ward': 'Nambale Township', 'agrodealerName': 'Ounoi', 'market': 'Tangakona', 'gpsLatitude': '0.456746859', 'gpsLongitude': '34.12410177', 'gpsAltitude': '0', 'agrodealerPhone': ''}"
Busia ,          ,     , "{'county': 'Busia', 'subcounty': '', 'ward': 'Nambale Township', 'agrodealerName': 'Ounoi', 'market': 'Tangakona', 'gpsLatitude': '', 'gpsLongitude': '', 'gpsAltitude': '', 'agrodealerPhone': ''}"
Busia ,          ,     , "{'county': 'Busia', 'subcounty': '', 'ward': 'Bunyala West', 'agrodealerName': 'Large agro', 'market': 'Bulemia', 'gpsLatitude': '0.44253226', 'gpsLongitude': '34.11484648', 'gpsAltitude': '0', 'agrodealerPhone': '2580'}"
Busia ,          ,     , "{'county': 'Busia', 'subcounty': '', 'ward': 'Matayos South', 'agrodealerName': 'Busia Agrovet', 'market': 'Busia', 'gpsLatitude': '0.472237113', 'gpsLongitude': '34.11490481', 'gpsAltitude': '0', 'agrodealerPhone': ''}"
Busia ,          ,     , "{'county': 'Busia', 'subcounty': '', 'ward': 'Amukura West', 'agrodealerName': 'Beclemars AGrovet', 'market': 'Osuret ', 'gpsLatitude': '0.590018223', 'gpsLongitude': '34.25002344', 'gpsAltitude': '0', 'agrodealerPhone': '711557676'}"
Busia ,          ,     , "{'county': 'Busia', 'subcounty': '', 'ward': 'Bunyala North', 'agrodealerName': ""Luke's shop"", 'market': 'Budubusi market', 'gpsLatitude': '0.458563', 'gpsLongitude': '34.1150212', 'gpsAltitude': '1220.3', 'agrodealerPhone': ''}"
Busia ,          ,     , "{'county': 'Busia', 'subcounty': '', 'ward': 'Amukura Central', 'agrodealerName': 'Kaliwa shopping ', 'market': 'Kaliwa', 'gpsLatitude': '', 'gpsLongitude': '', 'gpsAltitude': '', 'agrodealerPhone': '748253807'}"
Busia ,          ,     , "{'county': 'Busia', 'subcounty': '', 'ward': 'Bunyala South', 'agrodealerName': 'Liege Agro Business', 'market': 'Mau Mau', 'gpsLatitude': '0.071220007', 'gpsLongitude': '33.98931038', 'gpsAltitude': '0', 'agrodealerPhone': '743965109'}"
Busia ,          ,     , "{'county': 'Busia', 'subcounty': '', 'ward': 'Chakol South', 'agrodealerName': 'Adongo', 'market': 'Adungosi', 'gpsLatitude': '0.457254786', 'gpsLongitude': '34.11566891', 'gpsAltitude': '0', 'agrodealerPhone': '799259854'}"
Busia ,          ,     , "{'county': 'Busia', 'subcounty': '', 'ward': ""Ang'orom"", 'agrodealerName': 'Raj agro-dealer', 'market': 'Angorom', 'gpsLatitude': '0.458664', 'gpsLongitude': '34.1149135', 'gpsAltitude': '0', 'agrodealerPhone': ''}"
Busia ,          ,     , "{'county': 'Busia', 'subcounty': '', 'ward': 'Mayenje', 'agrodealerName': 'Faith agrodealer', 'market': 'Siteko', 'gpsLatitude': '0.4584071', 'gpsLongitude': '34.1152118', 'gpsAltitude': '1201.7', 'agrodealerPhone': '708632232'}"
Busia ,          ,     , "{'county': 'Busia', 'subcounty': '', 'ward': 'Kingandole', 'agrodealerName': 'Agro-dealer', 'market': 'Namwtsula', 'gpsLatitude': '0.347709384', 'gpsLongitude': '34.26342677', 'gpsAltitude': '0', 'agrodealerPhone': '707796176'}"
Busia ,          ,     , "{'county': 'Busia', 'subcounty': '', 'ward': 'Amukura Central', 'agrodealerName': 'Festus agro dealers', 'market': 'Murukeyan', 'gpsLatitude': '0.45883221', 'gpsLongitude': '34.1152934', 'gpsAltitude': '0', 'agrodealerPhone': '759655261'}"
Busia ,          ,     , "{'county': 'Busia', 'subcounty': '', 'ward': 'Chakol South', 'agrodealerName': 'Teso agrodealers', 'market': 'Asiriam', 'gpsLatitude': '0.505735007', 'gpsLongitude': '34.16881688', 'gpsAltitude': '0', 'agrodealerPhone': '722542542'}"
Busia ,          ,     , "{'county': 'Busia', 'subcounty': '', 'ward': 'Amukura West', 'agrodealerName': 'Agro dealers', 'market': 'Osuret market center', 'gpsLatitude': '0.59583931', 'gpsLongitude': '34.22462292', 'gpsAltitude': '0', 'agrodealerPhone': '717773230'}"
Busia ,          ,     , "{'county': 'Busia', 'subcounty': '', 'ward': 'Chakol North', 'agrodealerName': 'Mama mboga', 'market': 'Odula center', 'gpsLatitude': '', 'gpsLongitude': '', 'gpsAltitude': '', 'agrodealerPhone': ''}"
Busia ,          ,     , "{'county': 'Busia', 'subcounty': '', 'ward': 'Marachi East', 'agrodealerName': 'Rachi agrodeal', 'market': 'Tripple t', 'gpsLatitude': '0.60612334', 'gpsLongitude': '33.98367271', 'gpsAltitude': '0', 'agrodealerPhone': '795558634'}"
Busia ,          ,     , "{'county': 'Busia', 'subcounty': '', 'ward': 'Matayos South', 'agrodealerName': 'Efwe Agrovet', 'market': 'Lwanya Market', 'gpsLatitude': '0.464452261', 'gpsLongitude': '34.12485916', 'gpsAltitude': '0', 'agrodealerPhone': ''}"
Busia ,          ,     , "{'county': 'Busia', 'subcounty': '', 'ward': 'Marachi North', 'agrodealerName': 'Wakulima farmers ', 'market': 'Sikarira', 'gpsLatitude': '0.330022201', 'gpsLongitude': '34.33003541', 'gpsAltitude': '0', 'agrodealerPhone': ''}"
Busia ,          ,     , "{'county': 'Busia', 'subcounty': '', 'ward': 'Bukhayo East', 'agrodealerName': 'Antonio seller ', 'market': 'Mundika store', 'gpsLatitude': '0.400045207', 'gpsLongitude': '34.12383422', 'gpsAltitude': '0', 'agrodealerPhone': '792715930'}"
Busia ,          ,     , "{'county': 'Busia', 'subcounty': '', 'ward': 'Kingandole', 'agrodealerName': 'Lavia Agro dealer', 'market': 'bukiri', 'gpsLatitude': '0.448877504', 'gpsLongitude': '34.13808681', 'gpsAltitude': '0', 'agrodealerPhone': '714525462'}"
Busia ,          ,     , "{'county': 'Busia', 'subcounty': '', 'ward': 'Bukhayo Central', 'agrodealerName': 'Rage agro.', 'market': 'Malanga', 'gpsLatitude': '0.455423231', 'gpsLongitude': '34.1150111', 'gpsAltitude': '0', 'agrodealerPhone': '713072678'}"
Busia ,          ,     , "{'county': 'Busia', 'subcounty': '', 'ward': ""Ang'orom"", 'agrodealerName': 'Omollo Agro dealers', 'market': 'Amerikwai Market', 'gpsLatitude': '0.453794511', 'gpsLongitude': '34.14068721', 'gpsAltitude': '0', 'agrodealerPhone': '713870075'}"
Busia ,          ,     , "{'county': 'Busia', 'subcounty': '', 'ward': 'Amukura East', 'agrodealerName': 'Raji ', 'market': 'Busia mkt', 'gpsLatitude': '0.45181812', 'gpsLongitude': '34.10975531', 'gpsAltitude': '0', 'agrodealerPhone': '701902440'}"
Busia ,          ,     , "{'county': 'Busia', 'subcounty': '', 'ward': 'Bukhayo North / Walatsi', 'agrodealerName': 'Raj agro dealers', 'market': 'Tango', 'gpsLatitude': '0.456796143', 'gpsLongitude': '34.10692558', 'gpsAltitude': '0', 'agrodealerPhone': ''}"
Busia ,          ,     , "{'county': 'Busia', 'subcounty': '', 'ward': 'Namboboto Nambuku', 'agrodealerName': 'Raj Agro Dealers', 'market': 'Mango', 'gpsLatitude': '0.319187592', 'gpsLongitude': '34.10722665', 'gpsAltitude': '0', 'agrodealerPhone': '1228544785'}"
Busia ,          ,     , "{'county': 'Busia', 'subcounty': '', 'ward': 'Bunyala South', 'agrodealerName': 'Raj agrovet', 'market': 'Budala', 'gpsLatitude': '6.054450912', 'gpsLongitude': '-25.7005439', 'gpsAltitude': '0', 'agrodealerPhone': ''}"
Busia ,          ,     , "{'county': 'Busia', 'subcounty': '', 'ward': 'Chakol South', 'agrodealerName': 'Hope Empire ', 'market': 'Ochude', 'gpsLatitude': '0.461285682', 'gpsLongitude': '34.11130629', 'gpsAltitude': '0', 'agrodealerPhone': '711717634'}"
Busia ,          ,     , "{'county': 'Busia', 'subcounty': '', 'ward': 'Bukhayo West', 'agrodealerName': 'Betty Shop', 'market': 'Korinda market', 'gpsLatitude': '0.4586651', 'gpsLongitude': '34.1158101', 'gpsAltitude': '0', 'agrodealerPhone': '114175914'}"
Busia ,          ,     , "{'county': 'Busia', 'subcounty': '', 'ward': 'Marachi East', 'agrodealerName': 'Vision Agrodealers', 'market': 'Bumala B', 'gpsLatitude': '0.458780244', 'gpsLongitude': '34.11661506', 'gpsAltitude': '0', 'agrodealerPhone': '729314987'}"
Busia ,          ,     , "{'county': 'Busia', 'subcounty': '', 'ward': ""Ang'orom"", 'agrodealerName': 'Agro business', 'market': 'Alupe market', 'gpsLatitude': '0.485308067', 'gpsLongitude': '34.1365432', 'gpsAltitude': '0', 'agrodealerPhone': '723075679'}"
Busia ,          ,     , "{'county': 'Busia', 'subcounty': '', 'ward': 'Malaba Central', 'agrodealerName': 'Rajagrodealers', 'market': 'Olil', 'gpsLatitude': '0.462715923', 'gpsLongitude': '34.11138475', 'gpsAltitude': '0', 'agrodealerPhone': '791174212'}"
Busia ,          ,     , "{'county': 'Busia', 'subcounty': '', 'ward': ""Ang'orom"", 'agrodealerName': 'Raj Agrodealers', 'market': 'Angorom Market', 'gpsLatitude': '0.449434045', 'gpsLongitude': '34.11540538', 'gpsAltitude': '0', 'agrodealerPhone': '72541455'}"
Busia ,          ,     , "{'county': 'Busia', 'subcounty': '', 'ward': 'Nambale Township', 'agrodealerName': 'Shraj agro dealers', 'market': 'Nambale', 'gpsLatitude': '0.474673817', 'gpsLongitude': '34.11469862', 'gpsAltitude': '0', 'agrodealerPhone': '708455553'}"
Busia ,          ,     , "{'county': 'Busia', 'subcounty': '', 'ward': 'Chakol South', 'agrodealerName': 'Raj agrodelears', 'market': 'Adungosi', 'gpsLatitude': '0.486140863', 'gpsLongitude': '34.13660958', 'gpsAltitude': '0', 'agrodealerPhone': '751239825'}"
Busia ,          ,     , "{'county': 'Busia', 'subcounty': '', 'ward': ""Ang'urai North"", 'agrodealerName': 'Kencom LTD', 'market': 'Osia', 'gpsLatitude': '0.716112386', 'gpsLongitude': '34.34244666', 'gpsAltitude': '0', 'agrodealerPhone': '720510089'}"
Busia ,          ,     , "{'county': 'Busia', 'subcounty': '', 'ward': 'Malaba North', 'agrodealerName': 'Fertilizer', 'market': 'Angurai', 'gpsLatitude': '0.433597077', 'gpsLongitude': '34.14922167', 'gpsAltitude': '0', 'agrodealerPhone': '792185625'}"
Busia ,          ,     , "{'county': 'Busia', 'subcounty': '', 'ward': ""Ageng'a Nanguba"", 'agrodealerName': 'Akulwa Farm', 'market': 'Buduta', 'gpsLatitude': '0.4586668', 'gpsLongitude': '34.114916', 'gpsAltitude': '0', 'agrodealerPhone': '707127688'}"
Busia ,          ,     , "{'county': 'Busia', 'subcounty': '', 'ward': 'Chakol South', 'agrodealerName': 'Osere', 'market': 'Ikiludu', 'gpsLatitude': '-16.14105678', 'gpsLongitude': '-28.53020366', 'gpsAltitude': '0', 'agrodealerPhone': ''}"
